class,bbox_x1,bbox_y1,bbox_x2,bbox_y2,relative_im_path,width,height
car,342,270,42,23,00.png,640,480
car,152,282,45,27,00.png,640,480
car,25,207,27,13,00.png,640,480
car,0,253,14,21,00.png,640,480
sign,6,193,18,26,00.png,640,480
sign,49,208,14,29,00.png,640,480
sign,60,223,11,25,00.png,640,480
sign,64,246,14,31,00.png,640,480
sign,117,225,18,31,00.png,640,480
sign,136,210,12,28,00.png,640,480
sign,283,219,11,33,00.png,640,480
sign,364,242,18,30,00.png,640,480
sign,219,238,13,30,00.png,640,480
sign,132,255,12,36,00.png,640,480
sign,216,293,17,42,00.png,640,480
sign,196,279,16,40,00.png,640,480
obstacle,159,236,18,24,00.png,640,480
obstacle,181,238,28,18,00.png,640,480
sign,96,204,89,247,0bd64fba-9b0b-46a0-8c6b-c48c198aadea_1.59fa175a5b6232877940db1b0ad26921.jpeg,612,612
sign,194,190,103,230,0bd64fba-9b0b-46a0-8c6b-c48c198aadea_1.59fa175a5b6232877940db1b0ad26921.jpeg,612,612
sign,307,224,86,240,0bd64fba-9b0b-46a0-8c6b-c48c198aadea_1.59fa175a5b6232877940db1b0ad26921.jpeg,612,612
sign,427,210,74,223,0bd64fba-9b0b-46a0-8c6b-c48c198aadea_1.59fa175a5b6232877940db1b0ad26921.jpeg,612,612
sign,529,216,83,236,0bd64fba-9b0b-46a0-8c6b-c48c198aadea_1.59fa175a5b6232877940db1b0ad26921.jpeg,612,612
sign,427,255,20,41,01.png,640,480
sign,353,225,15,33,01.png,640,480
sign,280,236,12,36,01.png,640,480
sign,225,293,17,48,01.png,640,480
sign,218,277,15,45,01.png,640,480
sign,135,186,11,26,01.png,640,480
sign,64,190,8,20,01.png,640,480
sign,138,234,12,33,01.png,640,480
sign,185,251,13,37,01.png,640,480
sign,202,222,11,29,01.png,640,480
sign,157,200,11,25,01.png,640,480
human,28,224,18,22,01.png,640,480
sign,81,207,14,29,01.png,640,480
obstacle,257,237,26,17,01.png,640,480
obstacle,235,236,14,19,01.png,640,480
car,65,242,39,14,01.png,640,480
car,33,214,37,10,01.png,640,480
car,149,199,26,11,01.png,640,480
car,198,287,27,16,01.png,640,480
car,388,286,50,26,01.png,640,480
sign,66,128,9,18,01.png,640,480
sign,102,128,7,14,01.png,640,480
sign,94,128,6,16,01.png,640,480
sign,85,127,8,17,01.png,640,480
sign,76,127,7,17,01.png,640,480
car,57,235,512,222,1bc23-img_0210.jpg,1600,622
car,588,212,427,135,1bc23-img_0210.jpg,1600,622
car,1050,120,481,172,1bc23-img_0210.jpg,1600,622
car,828,332,510,196,1bc23-img_0210.jpg,1600,622
car,909,257,486,120,1bc23-img_0210.jpg,1600,622
car,394,342,493,175,1bc23-img_0210.jpg,1600,622
human,53,65,103,243,1ec108658d1d5d02d1882ff8bb118b15.jpg,950,950
human,206,69,77,236,1ec108658d1d5d02d1882ff8bb118b15.jpg,950,950
human,319,95,125,176,1ec108658d1d5d02d1882ff8bb118b15.jpg,950,950
human,473,59,99,257,1ec108658d1d5d02d1882ff8bb118b15.jpg,950,950
human,614,79,125,228,1ec108658d1d5d02d1882ff8bb118b15.jpg,950,950
human,798,109,71,222,1ec108658d1d5d02d1882ff8bb118b15.jpg,950,950
human,81,344,97,236,1ec108658d1d5d02d1882ff8bb118b15.jpg,950,950
human,204,362,87,245,1ec108658d1d5d02d1882ff8bb118b15.jpg,950,950
human,315,364,129,234,1ec108658d1d5d02d1882ff8bb118b15.jpg,950,950
human,471,362,129,241,1ec108658d1d5d02d1882ff8bb118b15.jpg,950,950
human,619,362,111,247,1ec108658d1d5d02d1882ff8bb118b15.jpg,950,950
human,778,396,99,180,1ec108658d1d5d02d1882ff8bb118b15.jpg,950,950
human,766,639,129,247,1ec108658d1d5d02d1882ff8bb118b15.jpg,950,950
human,645,643,89,230,1ec108658d1d5d02d1882ff8bb118b15.jpg,950,950
human,481,657,107,210,1ec108658d1d5d02d1882ff8bb118b15.jpg,950,950
human,338,629,109,263,1ec108658d1d5d02d1882ff8bb118b15.jpg,950,950
human,228,663,57,222,1ec108658d1d5d02d1882ff8bb118b15.jpg,950,950
human,69,614,105,273,1ec108658d1d5d02d1882ff8bb118b15.jpg,950,950
human,164,194,18,25,02.png,640,480
sign,254,105,10,16,02.png,640,480
sign,264,103,7,18,02.png,640,480
sign,272,103,6,16,02.png,640,480
sign,279,103,7,15,02.png,640,480
sign,287,102,7,15,02.png,640,480
sign,273,159,12,17,02.png,640,480
sign,302,192,12,31,02.png,640,480
sign,366,211,14,41,02.png,640,480
sign,238,206,12,31,02.png,640,480
sign,255,273,19,49,02.png,640,480
sign,463,194,14,41,02.png,640,480
sign,269,257,13,43,02.png,640,480
sign,520,231,22,51,02.png,640,480
car,185,184,25,15,02.png,640,480
car,289,169,22,13,02.png,640,480
sign,282,172,12,24,02.png,640,480
car,188,209,33,17,02.png,640,480
car,261,255,36,23,02.png,640,480
car,468,269,53,32,02.png,640,480
obstacle,331,206,18,23,02.png,640,480
obstacle,358,211,32,12,02.png,640,480
obstacle,316,205,13,20,07.png,640,480
obstacle,310,195,41,19,07.png,640,480
sign,68,169,33,47,07.png,640,480
sign,161,194,26,50,07.png,640,480
sign,216,161,19,42,07.png,640,480
sign,268,192,11,42,07.png,640,480
sign,425,160,12,39,07.png,640,480
sign,574,177,20,42,07.png,640,480
sign,561,250,30,60,07.png,640,480
sign,403,231,23,57,07.png,640,480
sign,255,232,27,51,07.png,640,480
sign,417,192,19,41,07.png,640,480
car,96,262,43,47,07.png,640,480
car,447,266,76,32,07.png,640,480
car,582,212,52,22,07.png,640,480
car,326,206,44,38,32.png,640,480
car,48,135,23,19,32.png,640,480
car,0,167,15,21,32.png,640,480
car,134,198,38,27,32.png,640,480
human,377,344,78,32,32.png,640,480
human,425,271,34,44,32.png,640,480
human,527,206,30,47,32.png,640,480
human,518,169,21,48,32.png,640,480
human,290,249,32,48,32.png,640,480
human,136,250,37,21,32.png,640,480
human,270,181,27,37,32.png,640,480
human,261,154,20,43,32.png,640,480
human,255,136,23,15,32.png,640,480
human,166,136,19,20,32.png,640,480
human,160,105,16,23,32.png,640,480
human,68,166,21,25,32.png,640,480
human,53,209,22,28,32.png,640,480
human,208,171,16,31,32.png,640,480
obstacle,117,163,21,27,32.png,640,480
obstacle,189,172,36,14,32.png,640,480
car,327,265,45,33,32.png,640,480
sign,397,220,30,53,32.png,640,480
sign,406,173,17,44,32.png,640,480
sign,230,209,26,46,32.png,640,480
sign,147,198,18,41,32.png,640,480
sign,0,121,14,32,32.png,640,480
sign,84,112,16,31,32.png,640,480
sign,34,142,16,32,32.png,640,480
sign,89,184,23,42,32.png,640,480
sign,154,202,30,52,34.png,640,480
sign,313,228,28,48,34.png,640,480
sign,341,179,21,46,34.png,640,480
sign,79,188,30,49,34.png,640,480
sign,30,173,25,44,34.png,640,480
sign,60,102,17,31,34.png,640,480
sign,1,125,14,38,34.png,640,480
obstacle,139,159,32,21,34.png,640,480
obstacle,76,152,21,28,34.png,640,480
human,135,94,17,28,34.png,640,480
human,221,131,25,19,34.png,640,480
human,136,127,18,23,34.png,640,480
human,209,154,30,45,34.png,640,480
human,216,178,27,44,34.png,640,480
human,328,285,33,41,34.png,640,480
human,253,347,74,50,34.png,640,480
human,452,218,26,49,34.png,640,480
human,455,177,22,49,34.png,640,480
human,0,193,17,35,34.png,640,480
human,59,246,39,18,34.png,640,480
human,29,150,20,30,34.png,640,480
human,188,263,54,34,34.png,640,480
car,238,262,54,43,34.png,640,480
car,260,210,44,36,34.png,640,480
car,27,121,19,25,34.png,640,480
car,2,119,25,19,35.png,640,480
car,37,139,41,18,35.png,640,480
car,0,159,38,20,35.png,640,480
car,125,113,18,22,35.png,640,480
car,167,182,19,31,35.png,640,480
car,326,222,45,37,35.png,640,480
car,283,277,58,35,35.png,640,480
sign,80,99,20,33,35.png,640,480
sign,156,95,19,31,35.png,640,480
sign,220,202,27,53,35.png,640,480
sign,150,179,25,52,35.png,640,480
sign,113,164,23,40,35.png,640,480
sign,373,237,29,55,35.png,640,480
sign,419,185,16,51,35.png,640,480
human,291,367,71,59,35.png,640,480
human,377,305,35,47,35.png,640,480
human,535,239,36,56,35.png,640,480
human,544,196,28,52,35.png,640,480
human,434,174,18,40,35.png,640,480
human,231,89,12,29,35.png,640,480
human,305,129,25,16,35.png,640,480
human,223,119,16,25,35.png,640,480
human,234,162,12,31,35.png,640,480
human,81,185,22,27,35.png,640,480
human,128,236,34,20,35.png,640,480
human,119,140,23,31,35.png,640,480
human,240,268,48,37,35.png,640,480
human,286,153,22,46,35.png,640,480
human,278,177,26,45,35.png,640,480
obstacle,161,145,19,27,35.png,640,480
obstacle,218,160,33,17,35.png,640,480
sign,41,143,19,35,35.png,640,480
obstacle,252,155,15,22,36.png,640,480
obstacle,300,171,33,17,36.png,640,480
car,129,126,20,17,36.png,640,480
car,110,160,35,15,36.png,640,480
car,150,145,35,13,36.png,640,480
car,230,124,17,17,36.png,640,480
car,377,236,31,37,36.png,640,480
car,309,288,71,32,36.png,640,480
car,240,187,26,29,36.png,640,480
sign,148,145,16,37,36.png,640,480
sign,194,108,16,23,36.png,640,480
sign,202,167,17,42,36.png,640,480
sign,228,185,18,47,36.png,640,480
sign,276,208,27,50,36.png,640,480
sign,413,254,25,61,36.png,640,480
sign,474,203,21,56,36.png,640,480
human,580,274,35,61,36.png,640,480
human,609,231,31,62,36.png,640,480
human,503,195,18,42,36.png,640,480
human,272,280,59,28,36.png,640,480
human,394,319,32,49,36.png,640,480
human,284,376,70,60,36.png,640,480
human,195,232,35,27,36.png,640,480
human,172,184,15,31,36.png,640,480
human,100,148,15,30,36.png,640,480
human,329,100,16,29,36.png,640,480
human,314,132,17,23,36.png,640,480
human,390,145,28,14,36.png,640,480
human,305,172,13,30,36.png,640,480
human,354,161,20,48,36.png,640,480
human,341,193,21,40,36.png,640,480
human,215,149,18,26,36.png,640,480
sign,262,103,14,32,36.png,640,480
car,125,75,30,14,51hYNIY-UcL._AC_SY200_.jpg,492,180
car,180,55,25,14,51hYNIY-UcL._AC_SY200_.jpg,492,180
car,344,25,19,23,51hYNIY-UcL._AC_SY200_.jpg,492,180
car,388,101,12,26,51hYNIY-UcL._AC_SY200_.jpg,492,180
sign,62,79,130,292,51lQ5Xeh3cL.jpg,1001,1001
sign,209,83,72,262,51lQ5Xeh3cL.jpg,1001,1001
sign,230,183,96,256,51lQ5Xeh3cL.jpg,1001,1001
sign,349,85,83,262,51lQ5Xeh3cL.jpg,1001,1001
sign,405,158,81,281,51lQ5Xeh3cL.jpg,1001,1001
sign,509,72,79,270,51lQ5Xeh3cL.jpg,1001,1001
sign,607,149,77,264,51lQ5Xeh3cL.jpg,1001,1001
sign,671,72,68,264,51lQ5Xeh3cL.jpg,1001,1001
sign,788,151,72,266,51lQ5Xeh3cL.jpg,1001,1001
sign,835,79,85,249,51lQ5Xeh3cL.jpg,1001,1001
sign,126,598,113,279,51lQ5Xeh3cL.jpg,1001,1001
sign,260,645,104,296,51lQ5Xeh3cL.jpg,1001,1001
sign,360,577,94,300,51lQ5Xeh3cL.jpg,1001,1001
sign,564,586,94,283,51lQ5Xeh3cL.jpg,1001,1001
sign,692,647,89,300,51lQ5Xeh3cL.jpg,1001,1001
sign,775,598,87,270,51lQ5Xeh3cL.jpg,1001,1001
obstacle,23,390,204,311,51QnizVBZ7L.jpg,1001,1001
obstacle,209,315,192,337,51QnizVBZ7L.jpg,1001,1001
obstacle,405,296,173,358,51QnizVBZ7L.jpg,1001,1001
obstacle,609,341,183,311,51QnizVBZ7L.jpg,1001,1001
obstacle,786,341,183,334,51QnizVBZ7L.jpg,1001,1001
car,217,3,16,29,51uzsGO1B0L.jpg,500,281
car,333,65,39,13,51uzsGO1B0L.jpg,500,281
car,170,40,46,21,51uzsGO1B0L.jpg,500,281
car,220,81,16,34,51uzsGO1B0L.jpg,500,281
car,285,77,39,41,51uzsGO1B0L.jpg,500,281
car,245,154,24,49,51uzsGO1B0L.jpg,500,281
sign,34,94,28,104,71hJW-A24uL._AC_SS350_.jpg,350,350
sign,113,61,28,100,71hJW-A24uL._AC_SS350_.jpg,350,350
sign,86,100,31,99,71hJW-A24uL._AC_SS350_.jpg,350,350
sign,203,53,27,104,71hJW-A24uL._AC_SS350_.jpg,350,350
sign,141,88,29,95,71hJW-A24uL._AC_SS350_.jpg,350,350
sign,187,95,22,84,71hJW-A24uL._AC_SS350_.jpg,350,350
sign,228,103,26,72,71hJW-A24uL._AC_SS350_.jpg,350,350
sign,251,133,30,102,71hJW-A24uL._AC_SS350_.jpg,350,350
sign,270,89,28,93,71hJW-A24uL._AC_SS350_.jpg,350,350
sign,298,121,34,101,71hJW-A24uL._AC_SS350_.jpg,350,350
sign,284,169,28,114,71hJW-A24uL._AC_SS350_.jpg,350,350
sign,165,151,27,106,71hJW-A24uL._AC_SS350_.jpg,350,350
sign,127,135,29,97,71hJW-A24uL._AC_SS350_.jpg,350,350
sign,73,142,29,104,71hJW-A24uL._AC_SS350_.jpg,350,350
sign,53,174,31,111,71hJW-A24uL._AC_SS350_.jpg,350,350
sign,112,175,31,106,71hJW-A24uL._AC_SS350_.jpg,350,350
sign,17,147,28,108,71hJW-A24uL._AC_SS350_.jpg,350,350
human,58,488,183,376,87ce2faa3687c4930f013255f3018109.jpg,1477,1194
human,337,368,160,312,87ce2faa3687c4930f013255f3018109.jpg,1477,1194
human,164,645,213,396,87ce2faa3687c4930f013255f3018109.jpg,1477,1194
human,469,589,203,379,87ce2faa3687c4930f013255f3018109.jpg,1477,1194
human,561,805,315,292,87ce2faa3687c4930f013255f3018109.jpg,1477,1194
human,1104,823,310,320,87ce2faa3687c4930f013255f3018109.jpg,1477,1194
human,1206,551,183,340,87ce2faa3687c4930f013255f3018109.jpg,1477,1194
human,972,462,201,252,87ce2faa3687c4930f013255f3018109.jpg,1477,1194
human,703,508,221,305,87ce2faa3687c4930f013255f3018109.jpg,1477,1194
human,883,643,196,335,87ce2faa3687c4930f013255f3018109.jpg,1477,1194
human,15,116,41,129,417wpQbxHWL-1.jpg,500,339
human,72,120,58,132,417wpQbxHWL-1.jpg,500,339
human,185,70,58,179,417wpQbxHWL-1.jpg,500,339
human,260,71,45,184,417wpQbxHWL-1.jpg,500,339
human,313,64,82,181,417wpQbxHWL-1.jpg,500,339
human,397,68,87,176,417wpQbxHWL-1.jpg,500,339
human,458,122,230,641,1977-ferrero-kinder-egg-surprise_1_b767dd4f6a84186cdd81d906ee42f965.jpg,1440,1080
human,833,165,372,646,1977-ferrero-kinder-egg-surprise_1_b767dd4f6a84186cdd81d906ee42f965.jpg,1440,1080
car,399,379,212,88,2018-matchbox-diecast-convention.jpg,1920,1081
car,620,345,184,85,2018-matchbox-diecast-convention.jpg,1920,1081
car,807,317,164,74,2018-matchbox-diecast-convention.jpg,1920,1081
car,674,501,187,88,2018-matchbox-diecast-convention.jpg,1920,1081
car,1045,422,159,79,2018-matchbox-diecast-convention.jpg,1920,1081
car,481,727,252,122,2018-matchbox-diecast-convention.jpg,1920,1081
car,782,852,224,136,2018-matchbox-diecast-convention.jpg,1920,1081
car,1371,688,204,108,2018-matchbox-diecast-convention.jpg,1920,1081
car,138,516,152,65,30891-rgls.jpeg,900,675
car,370,412,121,52,30891-rgls.jpeg,900,675
car,291,395,105,52,30891-rgls.jpeg,900,675
car,492,523,151,73,30891-rgls.jpeg,900,675
car,306,527,159,68,30891-rgls.jpeg,900,675
car,789,438,111,65,30891-rgls.jpeg,900,675
car,538,452,115,59,30891-rgls.jpeg,900,675
car,661,451,93,79,30891-rgls.jpeg,900,675
human,34,102,117,184,76517db4eae9b2a686466f10c30aa602.jpg,800,600
human,161,115,123,170,76517db4eae9b2a686466f10c30aa602.jpg,800,600
human,311,105,111,177,76517db4eae9b2a686466f10c30aa602.jpg,800,600
human,442,112,88,176,76517db4eae9b2a686466f10c30aa602.jpg,800,600
human,553,124,94,153,76517db4eae9b2a686466f10c30aa602.jpg,800,600
human,660,120,112,167,76517db4eae9b2a686466f10c30aa602.jpg,800,600
human,678,306,121,167,76517db4eae9b2a686466f10c30aa602.jpg,800,600
human,562,296,116,171,76517db4eae9b2a686466f10c30aa602.jpg,800,600
human,442,303,110,169,76517db4eae9b2a686466f10c30aa602.jpg,800,600
human,34,295,109,185,76517db4eae9b2a686466f10c30aa602.jpg,800,600
human,159,303,134,174,76517db4eae9b2a686466f10c30aa602.jpg,800,600
human,307,295,120,180,76517db4eae9b2a686466f10c30aa602.jpg,800,600
obstacle,67,288,180,303,36629428-several-toy-traffic-signs-on-display-on-a-blank-sheet-of-paper-driving-school-academy.jpg,1300,863
obstacle,435,349,541,380,36629428-several-toy-traffic-signs-on-display-on-a-blank-sheet-of-paper-driving-school-academy.jpg,1300,863
sign,451,81,100,251,36629428-several-toy-traffic-signs-on-display-on-a-blank-sheet-of-paper-driving-school-academy.jpg,1300,863
sign,800,65,140,270,36629428-several-toy-traffic-signs-on-display-on-a-blank-sheet-of-paper-driving-school-academy.jpg,1300,863
sign,1104,186,127,353,36629428-several-toy-traffic-signs-on-display-on-a-blank-sheet-of-paper-driving-school-academy.jpg,1300,863
human,11,335,227,276,173960123_tcimg_F55329D1.jpg,720,960
human,291,212,143,327,173960123_tcimg_F55329D1.jpg,720,960
human,511,294,209,349,173960123_tcimg_F55329D1.jpg,720,960
human,124,41,299,429,191148633.jpg,720,720
human,850,505,133,178,2256020660_0e5611db15_b.jpg,1024,683
human,719,343,88,172,2256020660_0e5611db15_b.jpg,1024,683
human,891,197,69,130,2256020660_0e5611db15_b.jpg,1024,683
human,828,138,71,145,2256020660_0e5611db15_b.jpg,1024,683
human,979,74,45,119,2256020660_0e5611db15_b.jpg,1024,683
human,838,41,119,112,2256020660_0e5611db15_b.jpg,1024,683
human,681,18,63,103,2256020660_0e5611db15_b.jpg,1024,683
human,202,94,85,101,2256020660_0e5611db15_b.jpg,1024,683
human,242,251,110,178,2256020660_0e5611db15_b.jpg,1024,683
human,553,277,82,140,2256020660_0e5611db15_b.jpg,1024,683
human,498,201,86,128,2256020660_0e5611db15_b.jpg,1024,683
human,190,557,205,126,2256020660_0e5611db15_b.jpg,1024,683
human,33,29,82,100,2256020660_0e5611db15_b.jpg,1024,683
car,32,453,129,47,4711492866_57d0af7cd6_b.jpg,1024,768
car,69,502,100,64,4711492866_57d0af7cd6_b.jpg,1024,768
car,561,342,75,46,4711492866_57d0af7cd6_b.jpg,1024,768
car,713,270,80,42,4711492866_57d0af7cd6_b.jpg,1024,768
car,633,301,98,44,4711492866_57d0af7cd6_b.jpg,1024,768
car,695,328,72,51,4711492866_57d0af7cd6_b.jpg,1024,768
car,538,412,82,49,4711492866_57d0af7cd6_b.jpg,1024,768
car,474,376,100,57,4711492866_57d0af7cd6_b.jpg,1024,768
car,192,565,116,69,4711492866_57d0af7cd6_b.jpg,1024,768
car,587,521,105,72,4711492866_57d0af7cd6_b.jpg,1024,768
car,442,453,98,60,4711492866_57d0af7cd6_b.jpg,1024,768
car,331,505,90,57,4711492866_57d0af7cd6_b.jpg,1024,768
car,324,327,108,52,4711492866_57d0af7cd6_b.jpg,1024,768
car,487,222,315,407,an-old-and-vintage-american-toy-car-on-a-turquoise-carpet-of-wool-K04Y4D.jpg,1300,956
sign,170,89,147,272,blowuptrafficsigns.jpg,1000,1000
sign,617,77,136,302,blowuptrafficsigns.jpg,1000,1000
sign,109,521,189,349,blowuptrafficsigns.jpg,1000,1000
obstacle,296,385,268,243,blowuptrafficsigns.jpg,1000,1000
obstacle,657,319,266,247,blowuptrafficsigns.jpg,1000,1000
obstacle,483,566,202,306,blowuptrafficsigns.jpg,1000,1000
car,301,239,299,87,determine-value-matchbox-cars_7a1dca6f67f6b6fc.jpg,740,420
obstacle,86,301,97,85,d-rendering-striped-roadblock-sign-several-traffic-cones-standing-front-colorful-lego-blocks-pile-building-93107760.jpg,800,510
obstacle,172,144,59,80,d-rendering-striped-roadblock-sign-several-traffic-cones-standing-front-colorful-lego-blocks-pile-building-93107760.jpg,800,510
obstacle,368,347,58,106,d-rendering-striped-roadblock-sign-several-traffic-cones-standing-front-colorful-lego-blocks-pile-building-93107760.jpg,800,510
obstacle,440,328,65,98,d-rendering-striped-roadblock-sign-several-traffic-cones-standing-front-colorful-lego-blocks-pile-building-93107760.jpg,800,510
obstacle,140,213,286,184,d-rendering-striped-roadblock-sign-several-traffic-cones-standing-front-colorful-lego-blocks-pile-building-93107760.jpg,800,510
human,31,35,349,656,DSC_0219.JPG,1600,759
human,477,68,253,625,DSC_0219.JPG,1600,759
human,814,54,271,642,DSC_0219.JPG,1600,759
human,1196,49,295,647,DSC_0219.JPG,1600,759
car,220,689,135,107,EFZBV80W4AAyAdq.jpg,996,1200
car,232,557,94,110,EFZBV80W4AAyAdq.jpg,996,1200
car,64,488,92,87,EFZBV80W4AAyAdq.jpg,996,1200
car,712,1080,194,92,EFZBV80W4AAyAdq.jpg,996,1200
car,577,896,64,174,EFZBV80W4AAyAdq.jpg,996,1200
car,649,909,56,143,EFZBV80W4AAyAdq.jpg,996,1200
car,462,906,61,174,EFZBV80W4AAyAdq.jpg,996,1200
car,143,730,94,128,EFZBV80W4AAyAdq.jpg,996,1200
car,56,835,107,112,EFZBV80W4AAyAdq.jpg,996,1200
car,72,603,123,128,EFZBV80W4AAyAdq.jpg,996,1200
car,245,434,77,92,EFZBV80W4AAyAdq.jpg,996,1200
car,301,513,112,74,EFZBV80W4AAyAdq.jpg,996,1200
car,587,431,117,31,EFZBV80W4AAyAdq.jpg,996,1200
car,564,355,125,36,EFZBV80W4AAyAdq.jpg,996,1200
car,235,334,64,94,EFZBV80W4AAyAdq.jpg,996,1200
car,67,411,54,77,EFZBV80W4AAyAdq.jpg,996,1200
car,69,291,71,100,EFZBV80W4AAyAdq.jpg,996,1200
car,107,212,49,87,EFZBV80W4AAyAdq.jpg,996,1200
car,141,140,46,64,EFZBV80W4AAyAdq.jpg,996,1200
car,146,79,49,54,EFZBV80W4AAyAdq.jpg,996,1200
car,171,191,54,79,EFZBV80W4AAyAdq.jpg,996,1200
car,202,87,51,64,EFZBV80W4AAyAdq.jpg,996,1200
car,166,20,59,64,EFZBV80W4AAyAdq.jpg,996,1200
car,404,51,46,69,EFZBV80W4AAyAdq.jpg,996,1200
car,452,3,46,54,EFZBV80W4AAyAdq.jpg,996,1200
car,529,8,41,51,EFZBV80W4AAyAdq.jpg,996,1200
car,307,56,41,69,EFZBV80W4AAyAdq.jpg,996,1200
car,258,56,43,71,EFZBV80W4AAyAdq.jpg,996,1200
car,222,5,31,66,EFZBV80W4AAyAdq.jpg,996,1200
car,286,3,69,43,EFZBV80W4AAyAdq.jpg,996,1200
car,39,106,51,43,ff248f5f6c6304c47d9da1d10079290a--kids-gadgets-kids-safety.jpg,300,250
car,162,46,52,23,ff248f5f6c6304c47d9da1d10079290a--kids-gadgets-kids-safety.jpg,300,250
car,167,94,35,42,ff248f5f6c6304c47d9da1d10079290a--kids-gadgets-kids-safety.jpg,300,250
car,211,103,39,40,ff248f5f6c6304c47d9da1d10079290a--kids-gadgets-kids-safety.jpg,300,250
car,267,112,27,41,ff248f5f6c6304c47d9da1d10079290a--kids-gadgets-kids-safety.jpg,300,250
car,114,176,52,72,ff248f5f6c6304c47d9da1d10079290a--kids-gadgets-kids-safety.jpg,300,250
human,189,180,18,38,ff248f5f6c6304c47d9da1d10079290a--kids-gadgets-kids-safety.jpg,300,250
human,130,124,15,28,ff248f5f6c6304c47d9da1d10079290a--kids-gadgets-kids-safety.jpg,300,250
human,78,23,14,22,ff248f5f6c6304c47d9da1d10079290a--kids-gadgets-kids-safety.jpg,300,250
sign,118,60,22,53,ff248f5f6c6304c47d9da1d10079290a--kids-gadgets-kids-safety.jpg,300,250
obstacle,111,38,25,19,ff248f5f6c6304c47d9da1d10079290a--kids-gadgets-kids-safety.jpg,300,250
sign,111,146,117,186,Hfa953faeb8994c28bbd4337a18e3c16f2.jpg,900,900
sign,236,126,84,195,Hfa953faeb8994c28bbd4337a18e3c16f2.jpg,900,900
sign,354,138,75,193,Hfa953faeb8994c28bbd4337a18e3c16f2.jpg,900,900
sign,454,147,69,178,Hfa953faeb8994c28bbd4337a18e3c16f2.jpg,900,900
sign,540,153,69,174,Hfa953faeb8994c28bbd4337a18e3c16f2.jpg,900,900
sign,628,169,54,163,Hfa953faeb8994c28bbd4337a18e3c16f2.jpg,900,900
sign,707,169,71,165,Hfa953faeb8994c28bbd4337a18e3c16f2.jpg,900,900
sign,44,391,67,159,Hfa953faeb8994c28bbd4337a18e3c16f2.jpg,900,900
sign,423,373,59,172,Hfa953faeb8994c28bbd4337a18e3c16f2.jpg,900,900
obstacle,67,781,163,96,Hfa953faeb8994c28bbd4337a18e3c16f2.jpg,900,900
obstacle,373,789,90,88,Hfa953faeb8994c28bbd4337a18e3c16f2.jpg,900,900
obstacle,703,820,103,59,Hfa953faeb8994c28bbd4337a18e3c16f2.jpg,900,900
obstacle,473,785,103,94,Hfa953faeb8994c28bbd4337a18e3c16f2.jpg,900,900
obstacle,607,787,79,94,Hfa953faeb8994c28bbd4337a18e3c16f2.jpg,900,900
obstacle,255,760,88,109,Hfa953faeb8994c28bbd4337a18e3c16f2.jpg,900,900
obstacle,563,461,140,92,Hfa953faeb8994c28bbd4337a18e3c16f2.jpg,900,900
human,79,100,99,185,hpfsatz607.jpg,820,620
human,249,79,59,198,hpfsatz607.jpg,820,620
human,360,80,82,214,hpfsatz607.jpg,820,620
human,489,69,88,223,hpfsatz607.jpg,820,620
human,611,75,127,222,hpfsatz607.jpg,820,620
human,56,317,112,191,hpfsatz607.jpg,820,620
human,190,319,107,187,hpfsatz607.jpg,820,620
human,314,318,73,183,hpfsatz607.jpg,820,620
human,426,327,82,183,hpfsatz607.jpg,820,620
human,683,340,75,175,hpfsatz607.jpg,820,620
human,112,0,121,124,il_340x270.1457422746_d4s7.jpg,340,270
car,160,44,40,21,il_340x270.2184207109_hoz6.jpg,340,270
car,153,64,41,23,il_340x270.2184207109_hoz6.jpg,340,270
car,314,6,26,43,il_340x270.2184207109_hoz6.jpg,340,270
car,83,142,17,42,il_340x270.2184207109_hoz6.jpg,340,270
car,96,151,22,40,il_340x270.2184207109_hoz6.jpg,340,270
car,10,163,27,37,il_340x270.2184207109_hoz6.jpg,340,270
car,238,219,25,38,il_340x270.2184207109_hoz6.jpg,340,270
car,189,245,23,25,il_340x270.2184207109_hoz6.jpg,340,270
sign,108,139,41,104,il_340x270.2196883336_3abh.jpg,340,270
sign,283,121,32,110,il_340x270.2196883336_3abh.jpg,340,270
sign,250,68,28,82,il_340x270.2196883336_3abh.jpg,340,270
sign,202,75,30,67,il_340x270.2196883336_3abh.jpg,340,270
sign,41,84,30,77,il_340x270.2196883336_3abh.jpg,340,270
sign,118,107,41,84,il_340x270.2196883336_3abh.jpg,340,270
sign,89,74,32,79,il_340x270.2196883336_3abh.jpg,340,270
sign,56,102,39,87,il_340x270.2196883336_3abh.jpg,340,270
sign,177,95,33,83,il_340x270.2196883336_3abh.jpg,340,270
car,75,36,47,39,il_340x270.2225275806_m311.jpg,340,270
car,102,12,44,41,il_340x270.2225275806_m311.jpg,340,270
car,121,1,49,33,il_340x270.2225275806_m311.jpg,340,270
human,133,258,144,329,il_1588xN.1251558862_i7d6.jpg,1588,1191
human,320,357,165,213,il_1588xN.1251558862_i7d6.jpg,1588,1191
human,528,264,198,302,il_1588xN.1251558862_i7d6.jpg,1588,1191
human,807,46,193,329,il_1588xN.1251558862_i7d6.jpg,1588,1191
human,1268,182,160,337,il_1588xN.1251558862_i7d6.jpg,1588,1191
human,1004,248,137,334,il_1588xN.1251558862_i7d6.jpg,1588,1191
human,231,768,167,345,il_1588xN.1251558862_i7d6.jpg,1588,1191
human,518,712,175,390,il_1588xN.1251558862_i7d6.jpg,1588,1191
human,766,725,185,370,il_1588xN.1251558862_i7d6.jpg,1588,1191
human,997,730,190,378,il_1588xN.1251558862_i7d6.jpg,1588,1191
human,1291,720,180,370,il_1588xN.1251558862_i7d6.jpg,1588,1191
human,613,290,153,135,im001 (2).jpg,1280,960
human,1087,221,182,114,im001 (2).jpg,1280,960
human,885,502,200,108,im001 (2).jpg,1280,960
obstacle,505,125,123,180,im001 (3).jpg,1280,960
obstacle,969,429,214,272,im001 (3).jpg,1280,960
obstacle,750,678,157,127,im001 (3).jpg,1280,960
obstacle,532,300,247,259,im001 (3).jpg,1280,960
sign,407,86,206,249,im001 (4).jpg,1280,960
sign,671,161,288,210,im001 (4).jpg,1280,960
sign,201,496,170,325,im001 (5).jpg,1280,960
sign,456,513,112,304,im001 (5).jpg,1280,960
sign,660,515,125,306,im001 (5).jpg,1280,960
sign,826,521,147,292,im001 (5).jpg,1280,960
car,248,241,147,323,im001.jpg,1280,960
car,485,139,155,313,im001.jpg,1280,960
human,432,139,143,135,im002 (2).jpg,1280,960
human,844,366,176,145,im002 (2).jpg,1280,960
human,1069,423,161,125,im002 (2).jpg,1280,960
obstacle,517,521,129,121,im002 (3).jpg,1280,960
obstacle,701,411,259,227,im002 (3).jpg,1280,960
obstacle,916,672,129,116,im002 (3).jpg,1280,960
obstacle,1069,588,211,261,im002 (3).jpg,1280,960
sign,144,266,253,235,im002 (4).jpg,1280,960
sign,515,188,235,231,im002 (4).jpg,1280,960
sign,797,415,237,239,im002 (4).jpg,1280,960
sign,409,439,139,278,im002 (4).jpg,1280,960
car,481,313,131,353,im002.jpg,1280,960
car,344,98,315,145,im002.jpg,1280,960
human,785,190,145,184,im003 (2).jpg,1280,960
human,503,549,131,96,im003 (2).jpg,1280,960
human,1022,654,194,133,im003 (2).jpg,1280,960
obstacle,699,282,212,296,im003 (3).jpg,1280,960
obstacle,511,688,118,118,im003 (3).jpg,1280,960
obstacle,975,715,165,149,im003 (3).jpg,1280,960
obstacle,1169,607,111,249,im003 (3).jpg,1280,960
sign,164,165,308,112,im003 (4).jpg,1280,960
sign,601,35,155,272,im003 (4).jpg,1280,960
sign,315,423,270,123,im003 (4).jpg,1280,960
sign,779,298,208,229,im003 (4).jpg,1280,960
car,238,274,159,366,im003.jpg,1280,960
car,295,94,327,176,im003.jpg,1280,960
human,581,116,106,176,im004 (2).jpg,1280,960
human,793,0,84,145,im004 (2).jpg,1280,960
human,789,396,137,153,im004 (2).jpg,1280,960
obstacle,125,167,306,147,im004 (3).jpg,1280,960
obstacle,889,257,274,233,im004 (3).jpg,1280,960
obstacle,967,637,159,167,im004 (3).jpg,1280,960
obstacle,513,533,149,172,im004 (3).jpg,1280,960
car,724,178,323,184,im004.jpg,1280,960
car,1171,268,109,372,im004.jpg,1280,960
human,626,125,114,208,im005 (2).jpg,1280,960
human,850,263,139,174,im005 (2).jpg,1280,960
human,636,0,133,67,im005 (2).jpg,1280,960
obstacle,109,27,251,196,im005 (3).jpg,1280,960
obstacle,611,2,186,94,im005 (3).jpg,1280,960
obstacle,885,155,247,257,im005 (3).jpg,1280,960
obstacle,426,486,143,127,im005 (3).jpg,1280,960
car,442,347,345,147,im005.jpg,1280,960
car,922,259,174,353,im005.jpg,1280,960
human,736,163,157,188,im006 (2).jpg,1280,960
human,989,49,88,167,im006 (2).jpg,1280,960
human,985,370,123,139,im006 (2).jpg,1280,960
car,493,159,351,190,im006.jpg,1280,960
car,973,178,143,315,im006.jpg,1280,960
car,438,466,347,165,im006.jpg,1280,960
human,740,362,155,208,im007 (2).jpg,1280,960
human,981,247,98,139,im007 (2).jpg,1280,960
human,973,582,145,141,im007 (2).jpg,1280,960
car,456,182,327,172,im007.jpg,1280,960
car,948,239,151,345,im007.jpg,1280,960
car,448,484,317,163,im007.jpg,1280,960
human,644,362,106,188,im008 (2).jpg,1280,960
human,834,180,110,176,im008 (2).jpg,1280,960
human,897,562,145,137,im008 (2).jpg,1280,960
car,334,439,325,186,im008.jpg,1280,960
car,830,212,165,347,im008.jpg,1280,960
car,330,155,341,163,im008.jpg,1280,960
human,707,243,135,204,im009 (2).jpg,1280,960
human,863,43,102,172,im009 (2).jpg,1280,960
human,959,513,165,141,im009 (2).jpg,1280,960
car,334,6,321,141,im009.jpg,1280,960
car,667,170,300,155,im009.jpg,1280,960
human,560,523,123,204,im010 (2).jpg,1280,960
human,979,359,121,139,im010 (2).jpg,1280,960
human,948,699,190,145,im010 (2).jpg,1280,960
car,861,337,182,345,im010.jpg,1280,960
car,903,2,157,292,im010.jpg,1280,960
human,515,149,86,176,im011 (2).jpg,1280,960
human,658,0,106,59,im011 (2).jpg,1280,960
human,656,362,84,204,im011 (2).jpg,1280,960
car,879,337,174,366,im011.jpg,1280,960
car,1106,90,161,292,im011.jpg,1280,960
human,579,327,94,155,im012 (2).jpg,1280,960
human,711,14,110,165,im012 (2).jpg,1280,960
human,734,513,102,217,im012 (2).jpg,1280,960
car,552,345,161,368,im012.jpg,1280,960
car,791,82,163,317,im012.jpg,1280,960
human,362,190,123,217,im013 (2).jpg,1280,960
human,577,315,96,165,im013 (2).jpg,1280,960
human,227,541,143,133,im013 (2).jpg,1280,960
car,544,6,151,327,im013.jpg,1280,960
car,754,382,153,359,im013.jpg,1280,960
human,660,568,131,125,im014 (2).jpg,1280,960
human,464,0,135,125,im014 (2).jpg,1280,960
human,256,139,118,198,im014 (2).jpg,1280,960
car,460,129,151,317,im014.jpg,1280,960
car,654,421,161,347,im014.jpg,1280,960
human,413,76,127,188,im015 (2).jpg,1280,960
human,679,135,94,170,im015 (2).jpg,1280,960
human,203,0,121,145,im015 (2).jpg,1280,960
car,481,202,139,329,im015.jpg,1280,960
car,671,102,151,304,im015.jpg,1280,960
human,481,325,127,194,im016 (2).jpg,1280,960
human,740,268,92,141,im016 (2).jpg,1280,960
human,879,609,145,147,im016 (2).jpg,1280,960
car,477,86,141,310,im016.jpg,1280,960
car,683,241,163,317,im016.jpg,1280,960
human,517,233,114,206,im017 (2).jpg,1280,960
human,801,280,108,100,im017 (2).jpg,1280,960
human,763,647,133,116,im017 (2).jpg,1280,960
car,325,104,310,163,im017.jpg,1280,960
car,662,141,321,159,im017.jpg,1280,960
human,354,470,118,192,im018 (2).jpg,1280,960
human,468,184,123,112,im018 (2).jpg,1280,960
human,854,123,139,159,im018 (2).jpg,1280,960
car,327,102,333,151,im018.jpg,1280,960
car,744,141,306,153,im018.jpg,1280,960
human,356,43,121,125,im019 (2).jpg,1280,960
human,771,0,82,157,im019 (2).jpg,1280,960
human,699,415,170,151,im019 (2).jpg,1280,960
car,340,106,306,159,im019.jpg,1280,960
car,738,145,327,141,im019.jpg,1280,960
car,601,2,149,266,im020.jpg,1280,960
car,869,137,176,296,im020.jpg,1280,960
car,618,165,129,329,im021.jpg,1280,960
car,854,251,165,323,im021.jpg,1280,960
car,368,43,331,161,im022.jpg,1280,960
car,824,588,182,366,im022.jpg,1280,960
car,603,317,155,349,im023.jpg,1280,960
car,999,67,281,149,im023.jpg,1280,960
car,448,33,306,147,im024.jpg,1280,960
car,830,556,198,349,im024.jpg,1280,960
car,497,376,151,362,im025.jpg,1280,960
car,1075,400,188,337,im025.jpg,1280,960
car,546,165,351,147,im026.jpg,1280,960
car,999,137,180,310,im026.jpg,1280,960
car,493,398,186,331,im027.jpg,1280,960
car,203,2,306,229,im027.jpg,1280,960
car,836,300,174,317,im028.jpg,1280,960
car,440,131,337,192,im028.jpg,1280,960
car,317,345,261,280,im029.jpg,1280,960
car,695,313,323,139,im029.jpg,1280,960
car,1028,398,252,257,im029.jpg,1280,960
car,577,453,282,331,im030.jpg,1280,960
car,695,268,319,266,im030.jpg,1280,960
car,714,488,337,192,im031.jpg,1280,960
car,930,310,341,198,im031.jpg,1280,960
car,172,194,329,155,im031.jpg,1280,960
car,507,415,319,249,im032.jpg,1280,960
car,942,441,338,165,im032.jpg,1280,960
car,215,310,325,151,im033.jpg,1280,960
car,805,357,331,225,im033.jpg,1280,960
car,585,502,372,235,im033.jpg,1280,960
car,779,315,315,259,im034.jpg,1280,960
car,350,0,333,145,im034.jpg,1280,960
car,35,223,331,135,im035.jpg,1280,960
car,127,0,313,104,im035.jpg,1280,960
car,489,0,186,135,im035.jpg,1280,960
car,142,0,304,145,im036.jpg,1280,960
car,138,327,343,159,im036.jpg,1280,960
car,607,447,247,329,im036.jpg,1280,960
obstacle,7,8,45,90,images (2).jpg,259,194
obstacle,61,19,125,134,images (2).jpg,259,194
obstacle,209,92,47,82,images (2).jpg,259,194
human,52,14,26,52,images.jpg,225,225
human,81,7,23,60,images.jpg,225,225
human,109,11,21,55,images.jpg,225,225
human,139,9,24,61,images.jpg,225,225
human,169,11,29,58,images.jpg,225,225
human,180,80,21,42,images.jpg,225,225
human,143,85,24,47,images.jpg,225,225
human,113,74,17,56,images.jpg,225,225
human,79,71,26,54,images.jpg,225,225
human,42,72,24,50,images.jpg,225,225
human,33,137,22,50,images.jpg,225,225
human,68,139,31,63,images.jpg,225,225
human,111,139,20,72,images.jpg,225,225
human,148,137,27,67,images.jpg,225,225
human,181,136,23,59,images.jpg,225,225
car,419,483,393,337,img-0749_0.jpg,900,1200
sign,440,151,160,415,istockphoto-534533437-1024x1024.jpg,1024,683
sign,859,129,106,358,istockphoto-534533437-1024x1024.jpg,1024,683
sign,89,144,131,340,istockphoto-534533437-1024x1024.jpg,1024,683
sign,224,85,122,323,istockphoto-534533437-1024x1024.jpg,1024,683
sign,421,70,100,127,istockphoto-534533437-1024x1024.jpg,1024,683
sign,668,98,101,322,istockphoto-534533437-1024x1024.jpg,1024,683
sign,106,231,139,388,istockphoto-1080318604-1024x1024.jpg,1024,682
sign,221,256,101,320,istockphoto-1080318604-1024x1024.jpg,1024,682
sign,350,252,122,361,istockphoto-1080318604-1024x1024.jpg,1024,682
sign,485,234,133,388,istockphoto-1080318604-1024x1024.jpg,1024,682
sign,627,225,100,364,istockphoto-1080318604-1024x1024.jpg,1024,682
sign,739,243,122,328,istockphoto-1080318604-1024x1024.jpg,1024,682
sign,276,375,111,296,istockphoto-1080318678-1024x1024.jpg,682,1024
sign,36,336,81,272,istockphoto-1080318678-1024x1024.jpg,682,1024
sign,110,285,92,242,istockphoto-1080318678-1024x1024.jpg,682,1024
sign,269,261,68,161,istockphoto-1080318678-1024x1024.jpg,682,1024
sign,415,283,98,244,istockphoto-1080318678-1024x1024.jpg,682,1024
sign,568,351,81,242,istockphoto-1080318678-1024x1024.jpg,682,1024
car,93,249,154,57,JK8.jpg,900,916
car,253,257,121,49,JK8.jpg,900,916
car,620,253,123,39,JK8.jpg,900,916
car,370,355,131,55,JK8.jpg,900,916
car,52,477,164,68,JK8.jpg,900,916
car,337,483,152,51,JK8.jpg,900,916
car,195,612,168,60,JK8.jpg,900,916
car,358,612,162,70,JK8.jpg,900,916
car,512,594,175,80,JK8.jpg,900,916
car,674,596,146,64,JK8.jpg,900,916
car,17,787,175,86,JK8.jpg,900,916
car,193,766,168,97,JK8.jpg,900,916
car,366,752,179,95,JK8.jpg,900,916
human,584,869,160,254,kinder-surprise-and-other-small-toys-FT9TB8.jpg,866,1390
human,37,645,136,251,kinder-surprise-and-other-small-toys-FT9TB8.jpg,866,1390
human,297,231,109,237,kinder-surprise-and-other-small-toys-FT9TB8.jpg,866,1390
human,578,648,112,231,kinder-surprise-and-other-small-toys-FT9TB8.jpg,866,1390
human,205,186,83,189,kinder-surprise-and-other-small-toys-FT9TB8.jpg,866,1390
human,460,148,83,177,kinder-surprise-and-other-small-toys-FT9TB8.jpg,866,1390
human,676,189,77,139,kinder-surprise-and-other-small-toys-FT9TB8.jpg,866,1390
human,726,98,71,139,kinder-surprise-and-other-small-toys-FT9TB8.jpg,866,1390
human,864,480,118,183,large-collection-of-small-toys-and-toys-of-the-kinder-surprise-FT2TKM.jpg,1300,956
human,363,366,100,165,large-collection-of-small-toys-and-toys-of-the-kinder-surprise-FT2TKM.jpg,1300,956
human,13,307,75,126,large-collection-of-small-toys-and-toys-of-the-kinder-surprise-FT2TKM.jpg,1300,956
human,200,146,65,118,large-collection-of-small-toys-and-toys-of-the-kinder-surprise-FT2TKM.jpg,1300,956
human,532,130,83,177,large-collection-of-small-toys-and-toys-of-the-kinder-surprise-FT2TKM.jpg,1300,956
human,1171,51,81,118,large-collection-of-small-toys-and-toys-of-the-kinder-surprise-FT2TKM.jpg,1300,956
human,1207,271,89,155,large-collection-of-small-toys-and-toys-of-the-kinder-surprise-FT2TKM.jpg,1300,956
human,1199,454,96,165,large-collection-of-small-toys-and-toys-of-the-kinder-surprise-FT2TKM.jpg,1300,956
human,933,295,83,146,large-collection-of-small-toys-and-toys-of-the-kinder-surprise-FT2TKM.jpg,1300,956
human,774,49,67,153,large-collection-of-small-toys-and-toys-of-the-kinder-surprise-FT2TKM.jpg,1300,956
human,697,464,77,134,large-collection-of-small-toys-and-toys-of-the-kinder-surprise-FT2TKM.jpg,1300,956
car,122,36,42,79,letoltes.jpg,299,168
car,25,9,86,56,letoltes.jpg,299,168
car,3,71,103,63,letoltes.jpg,299,168
car,179,12,78,57,letoltes.jpg,299,168
car,189,57,97,65,letoltes.jpg,299,168
car,278,66,48,28,main-qimg-2ec5d39b01906f1092241012ad2d0f04.jpg,602,339
car,321,90,53,23,main-qimg-2ec5d39b01906f1092241012ad2d0f04.jpg,602,339
car,141,2,44,19,main-qimg-2ec5d39b01906f1092241012ad2d0f04.jpg,602,339
car,176,17,38,20,main-qimg-2ec5d39b01906f1092241012ad2d0f04.jpg,602,339
car,210,35,45,26,main-qimg-2ec5d39b01906f1092241012ad2d0f04.jpg,602,339
car,253,52,34,25,main-qimg-2ec5d39b01906f1092241012ad2d0f04.jpg,602,339
car,104,6,36,22,main-qimg-2ec5d39b01906f1092241012ad2d0f04.jpg,602,339
car,63,16,42,20,main-qimg-2ec5d39b01906f1092241012ad2d0f04.jpg,602,339
car,23,22,43,20,main-qimg-2ec5d39b01906f1092241012ad2d0f04.jpg,602,339
car,93,35,44,21,main-qimg-2ec5d39b01906f1092241012ad2d0f04.jpg,602,339
car,135,26,37,18,main-qimg-2ec5d39b01906f1092241012ad2d0f04.jpg,602,339
car,17,52,38,20,main-qimg-2ec5d39b01906f1092241012ad2d0f04.jpg,602,339
car,109,80,42,30,main-qimg-2ec5d39b01906f1092241012ad2d0f04.jpg,602,339
car,137,56,43,23,main-qimg-2ec5d39b01906f1092241012ad2d0f04.jpg,602,339
car,168,75,36,33,main-qimg-2ec5d39b01906f1092241012ad2d0f04.jpg,602,339
car,211,64,42,28,main-qimg-2ec5d39b01906f1092241012ad2d0f04.jpg,602,339
car,249,87,34,21,main-qimg-2ec5d39b01906f1092241012ad2d0f04.jpg,602,339
car,275,98,49,31,main-qimg-2ec5d39b01906f1092241012ad2d0f04.jpg,602,339
car,324,115,52,41,main-qimg-2ec5d39b01906f1092241012ad2d0f04.jpg,602,339
car,286,137,50,31,main-qimg-2ec5d39b01906f1092241012ad2d0f04.jpg,602,339
car,233,123,59,23,main-qimg-2ec5d39b01906f1092241012ad2d0f04.jpg,602,339
car,203,100,41,25,main-qimg-2ec5d39b01906f1092241012ad2d0f04.jpg,602,339
car,65,93,53,29,main-qimg-2ec5d39b01906f1092241012ad2d0f04.jpg,602,339
car,27,103,49,30,main-qimg-2ec5d39b01906f1092241012ad2d0f04.jpg,602,339
car,2,79,42,27,main-qimg-2ec5d39b01906f1092241012ad2d0f04.jpg,602,339
car,7,146,51,40,main-qimg-2ec5d39b01906f1092241012ad2d0f04.jpg,602,339
car,49,193,58,40,main-qimg-2ec5d39b01906f1092241012ad2d0f04.jpg,602,339
car,110,181,54,36,main-qimg-2ec5d39b01906f1092241012ad2d0f04.jpg,602,339
car,174,172,50,28,main-qimg-2ec5d39b01906f1092241012ad2d0f04.jpg,602,339
car,225,158,57,28,main-qimg-2ec5d39b01906f1092241012ad2d0f04.jpg,602,339
car,180,130,52,25,main-qimg-2ec5d39b01906f1092241012ad2d0f04.jpg,602,339
car,143,102,49,31,main-qimg-2ec5d39b01906f1092241012ad2d0f04.jpg,602,339
car,135,142,58,30,main-qimg-2ec5d39b01906f1092241012ad2d0f04.jpg,602,339
car,70,141,63,29,main-qimg-2ec5d39b01906f1092241012ad2d0f04.jpg,602,339
car,103,118,46,27,main-qimg-2ec5d39b01906f1092241012ad2d0f04.jpg,602,339
car,159,169,84,29,matchbox-cars-on-treadmill.jpg,640,415
car,320,172,79,25,matchbox-cars-on-treadmill.jpg,640,415
car,499,207,100,36,matchbox-cars-on-treadmill.jpg,640,415
car,192,209,84,32,matchbox-cars-on-treadmill.jpg,640,415
car,91,211,146,59,matchbox-die-cast-cars-collection.jpg,1000,610
car,255,234,134,74,matchbox-die-cast-cars-collection.jpg,1000,610
car,457,178,128,56,matchbox-die-cast-cars-collection.jpg,1000,610
car,322,90,133,68,matchbox-die-cast-cars-collection.jpg,1000,610
car,224,94,75,99,matchbox-die-cast-cars-collection.jpg,1000,610
car,736,146,59,105,matchbox-die-cast-cars-collection.jpg,1000,610
car,599,212,118,66,matchbox-die-cast-cars-collection.jpg,1000,610
car,404,243,153,53,matchbox-die-cast-cars-collection.jpg,1000,610
car,291,311,142,74,matchbox-die-cast-cars-collection.jpg,1000,610
car,147,292,108,106,matchbox-die-cast-cars-collection.jpg,1000,610
car,22,261,136,87,matchbox-die-cast-cars-collection.jpg,1000,610
car,295,405,165,94,matchbox-die-cast-cars-collection.jpg,1000,610
car,692,333,136,81,matchbox-die-cast-cars-collection.jpg,1000,610
car,586,289,161,65,matchbox-die-cast-cars-collection.jpg,1000,610
car,714,424,155,88,matchbox-die-cast-cars-collection.jpg,1000,610
car,28,519,242,136,maxresdefault (1).jpg,1280,720
car,374,505,285,136,maxresdefault (1).jpg,1280,720
car,687,515,274,140,maxresdefault (1).jpg,1280,720
car,159,79,174,76,maxresdefault (1).jpg,1280,720
car,351,84,164,57,maxresdefault (1).jpg,1280,720
car,542,88,151,51,maxresdefault (1).jpg,1280,720
car,17,77,106,62,maxresdefault (1).jpg,1280,720
car,149,22,172,38,maxresdefault (1).jpg,1280,720
car,344,20,157,34,maxresdefault (1).jpg,1280,720
car,529,22,174,23,maxresdefault (1).jpg,1280,720
car,746,22,166,32,maxresdefault (1).jpg,1280,720
car,749,81,159,59,maxresdefault (1).jpg,1280,720
car,927,88,149,53,maxresdefault (1).jpg,1280,720
car,1099,94,145,47,maxresdefault (1).jpg,1280,720
car,923,16,181,32,maxresdefault (1).jpg,1280,720
car,1106,18,149,28,maxresdefault (1).jpg,1280,720
car,17,18,100,34,maxresdefault (1).jpg,1280,720
car,21,175,117,55,maxresdefault (1).jpg,1280,720
car,19,262,128,49,maxresdefault (1).jpg,1280,720
car,1086,166,157,57,maxresdefault (1).jpg,1280,720
car,1099,251,115,55,maxresdefault (1).jpg,1280,720
car,454,124,42,38,maxresdefault.jpg,1280,720
car,499,127,54,43,maxresdefault.jpg,1280,720
car,545,126,51,50,maxresdefault.jpg,1280,720
car,368,157,44,44,maxresdefault.jpg,1280,720
car,702,141,41,48,maxresdefault.jpg,1280,720
car,797,146,39,55,maxresdefault.jpg,1280,720
car,845,155,32,48,maxresdefault.jpg,1280,720
car,754,149,33,42,maxresdefault.jpg,1280,720
car,714,190,76,35,maxresdefault.jpg,1280,720
car,647,181,69,27,maxresdefault.jpg,1280,720
car,535,179,63,41,maxresdefault.jpg,1280,720
car,591,189,71,29,maxresdefault.jpg,1280,720
car,632,226,89,33,maxresdefault.jpg,1280,720
car,777,224,94,29,maxresdefault.jpg,1280,720
car,770,242,88,45,maxresdefault.jpg,1280,720
car,869,274,91,47,maxresdefault.jpg,1280,720
car,883,226,106,35,maxresdefault.jpg,1280,720
car,847,309,118,65,maxresdefault.jpg,1280,720
car,783,281,36,64,maxresdefault.jpg,1280,720
car,673,250,56,70,maxresdefault.jpg,1280,720
car,620,249,56,64,maxresdefault.jpg,1280,720
car,573,246,50,61,maxresdefault.jpg,1280,720
car,462,235,60,50,maxresdefault.jpg,1280,720
car,370,210,53,55,maxresdefault.jpg,1280,720
car,572,357,50,61,maxresdefault.jpg,1280,720
car,692,390,55,70,maxresdefault.jpg,1280,720
car,777,477,103,49,maxresdefault.jpg,1280,720
car,658,494,106,45,maxresdefault.jpg,1280,720
car,555,471,87,45,maxresdefault.jpg,1280,720
car,456,454,83,48,maxresdefault.jpg,1280,720
car,520,514,99,50,maxresdefault.jpg,1280,720
car,375,433,80,47,maxresdefault.jpg,1280,720
car,289,427,89,38,maxresdefault.jpg,1280,720
car,765,514,108,54,maxresdefault.jpg,1280,720
car,636,538,113,58,maxresdefault.jpg,1280,720
car,897,505,110,61,maxresdefault.jpg,1280,720
car,1021,370,39,71,maxresdefault.jpg,1280,720
car,1078,380,42,74,maxresdefault.jpg,1280,720
car,964,364,44,71,maxresdefault.jpg,1280,720
car,950,434,51,70,maxresdefault.jpg,1280,720
car,1006,440,55,80,maxresdefault.jpg,1280,720
car,1094,322,38,58,maxresdefault.jpg,1280,720
car,240,457,90,48,maxresdefault.jpg,1280,720
car,163,445,86,39,maxresdefault.jpg,1280,720
car,206,310,61,58,maxresdefault.jpg,1280,720
car,69,360,89,51,maxresdefault.jpg,1280,720
car,82,401,53,48,maxresdefault.jpg,1280,720
car,103,417,77,57,maxresdefault.jpg,1280,720
car,880,588,125,67,maxresdefault.jpg,1280,720
car,1141,339,36,60,maxresdefault.jpg,1280,720
car,1121,284,39,45,maxresdefault.jpg,1280,720
car,1136,470,51,84,maxresdefault.jpg,1280,720
car,1026,511,136,57,maxresdefault.jpg,1280,720
car,1025,542,122,60,maxresdefault.jpg,1280,720
car,1018,595,117,45,maxresdefault.jpg,1280,720
car,1035,640,137,57,maxresdefault.jpg,1280,720
car,72,247,506,185,maxresdefault1.jpg,1280,720
car,691,279,563,244,maxresdefault1.jpg,1280,720
car,162,369,712,289,maxresdefault1.jpg,1280,720
car,814,118,430,228,maxresdefault1.jpg,1280,720
human,46,321,79,220,miniature-figures-human-costumes-27199390.jpg,1300,949
human,73,404,83,180,miniature-figures-human-costumes-27199390.jpg,1300,949
human,236,133,103,210,miniature-figures-human-costumes-27199390.jpg,1300,949
human,359,275,81,204,miniature-figures-human-costumes-27199390.jpg,1300,949
human,432,153,85,184,miniature-figures-human-costumes-27199390.jpg,1300,949
human,581,184,81,202,miniature-figures-human-costumes-27199390.jpg,1300,949
human,678,153,91,186,miniature-figures-human-costumes-27199390.jpg,1300,949
human,814,145,113,210,miniature-figures-human-costumes-27199390.jpg,1300,949
human,1060,196,87,222,miniature-figures-human-costumes-27199390.jpg,1300,949
human,1171,277,71,178,miniature-figures-human-costumes-27199390.jpg,1300,949
human,1173,402,91,198,miniature-figures-human-costumes-27199390.jpg,1300,949
human,1052,541,101,216,miniature-figures-human-costumes-27199390.jpg,1300,949
human,917,378,81,188,miniature-figures-human-costumes-27199390.jpg,1300,949
human,486,382,77,236,miniature-figures-human-costumes-27199390.jpg,1300,949
human,707,359,87,182,miniature-figures-human-costumes-27199390.jpg,1300,949
human,616,507,85,242,miniature-figures-human-costumes-27199390.jpg,1300,949
human,830,483,77,198,miniature-figures-human-costumes-27199390.jpg,1300,949
human,287,495,91,214,miniature-figures-human-costumes-27199390.jpg,1300,949
human,169,29,112,235,neu0828.jpg,800,600
human,303,26,97,257,neu0828.jpg,800,600
human,478,38,119,237,neu0828.jpg,800,600
human,165,291,114,271,neu0828.jpg,800,600
human,331,295,121,255,neu0828.jpg,800,600
human,583,236,82,221,neu0828.jpg,800,600
sign,243,197,93,222,new-wooden-baby-toys-traffic-sign-baby-educatinal.jpg,800,600
sign,174,24,68,175,new-wooden-baby-toys-traffic-sign-baby-educatinal.jpg,800,600
sign,59,64,86,73,new-wooden-baby-toys-traffic-sign-baby-educatinal.jpg,800,600
sign,276,23,42,79,new-wooden-baby-toys-traffic-sign-baby-educatinal.jpg,800,600
sign,262,101,68,100,new-wooden-baby-toys-traffic-sign-baby-educatinal.jpg,800,600
sign,358,41,46,169,new-wooden-baby-toys-traffic-sign-baby-educatinal.jpg,800,600
sign,474,41,27,190,new-wooden-baby-toys-traffic-sign-baby-educatinal.jpg,800,600
sign,535,61,75,96,new-wooden-baby-toys-traffic-sign-baby-educatinal.jpg,800,600
sign,655,91,54,174,new-wooden-baby-toys-traffic-sign-baby-educatinal.jpg,800,600
sign,626,189,121,185,new-wooden-baby-toys-traffic-sign-baby-educatinal.jpg,800,600
sign,474,246,73,234,new-wooden-baby-toys-traffic-sign-baby-educatinal.jpg,800,600
human,26,130,132,214,OGRmOWFlNGFlNzc0ODc0ZThkM2NlMTQ0Y2ZiM2Q5MDX9v2d_BK45W7rME5fK3qFuaHR0cDovL21lZGlhLmFkc2ltZy5jb20vMzVmMmRkMjFhNDIxOTJkODRkODE0NGQ4NWU4NGUyMmYxNTI2OTk3ZGNkNGJiNTE1NTlmMDhlMGM1ZmMyNmMyOC.jpg,700,525
human,272,27,74,207,OGRmOWFlNGFlNzc0ODc0ZThkM2NlMTQ0Y2ZiM2Q5MDX9v2d_BK45W7rME5fK3qFuaHR0cDovL21lZGlhLmFkc2ltZy5jb20vMzVmMmRkMjFhNDIxOTJkODRkODE0NGQ4NWU4NGUyMmYxNTI2OTk3ZGNkNGJiNTE1NTlmMDhlMGM1ZmMyNmMyOC.jpg,700,525
human,448,28,64,211,OGRmOWFlNGFlNzc0ODc0ZThkM2NlMTQ0Y2ZiM2Q5MDX9v2d_BK45W7rME5fK3qFuaHR0cDovL21lZGlhLmFkc2ltZy5jb20vMzVmMmRkMjFhNDIxOTJkODRkODE0NGQ4NWU4NGUyMmYxNTI2OTk3ZGNkNGJiNTE1NTlmMDhlMGM1ZmMyNmMyOC.jpg,700,525
car,205,195,49,26,oscarplaymat1.jpg,500,333
car,142,197,58,26,oscarplaymat1.jpg,500,333
car,123,116,59,29,oscarplaymat1.jpg,500,333
car,359,231,29,42,oscarplaymat1.jpg,500,333
car,38,366,266,124,Outdoor-Car-Play-and-Learning-Cars-and-Colors.jpg,650,900
car,369,331,188,159,Outdoor-Car-Play-and-Learning-Cars-and-Colors.jpg,650,900
car,40,484,239,128,Outdoor-Car-Play-and-Learning-Cars-and-Colors.jpg,650,900
car,158,10,146,52,Outdoor-Car-Play-and-Learning-Cars-and-Colors.jpg,650,900
car,319,11,75,46,Outdoor-Car-Play-and-Learning-Cars-and-Colors.jpg,650,900
car,430,151,193,73,Outdoor-Car-Play-and-Learning-Cars-and-Colors.jpg,650,900
car,285,174,214,82,Outdoor-Car-Play-and-Learning-Cars-and-Colors.jpg,650,900
car,43,11,51,80,p1680466.jpg,474,266
car,113,18,45,85,p1680466.jpg,474,266
car,184,18,41,80,p1680466.jpg,474,266
car,259,25,41,78,p1680466.jpg,474,266
car,313,20,50,78,p1680466.jpg,474,266
car,375,27,60,79,p1680466.jpg,474,266
car,404,135,61,99,p1680466.jpg,474,266
car,333,127,59,105,p1680466.jpg,474,266
car,258,132,52,101,p1680466.jpg,474,266
car,174,133,49,107,p1680466.jpg,474,266
car,104,131,45,108,p1680466.jpg,474,266
car,23,126,57,104,p1680466.jpg,474,266
obstacle,29,17,19,51,set-different-signs-road-repairs-260nw-1104339455.jpg,260,280
obstacle,107,17,34,47,set-different-signs-road-repairs-260nw-1104339455.jpg,260,280
obstacle,106,98,43,57,set-different-signs-road-repairs-260nw-1104339455.jpg,260,280
obstacle,188,101,45,47,set-different-signs-road-repairs-260nw-1104339455.jpg,260,280
obstacle,182,189,41,51,set-different-signs-road-repairs-260nw-1104339455.jpg,260,280
obstacle,113,195,29,39,set-different-signs-road-repairs-260nw-1104339455.jpg,260,280
obstacle,23,187,33,53,set-different-signs-road-repairs-260nw-1104339455.jpg,260,280
car,41,30,69,38,s-l225.jpg,225,169
car,123,12,82,57,s-l225.jpg,225,169
car,4,86,92,47,s-l225.jpg,225,169
car,117,63,90,49,s-l225.jpg,225,169
human,48,37,36,76,s-l300 (1).jpg,300,225
human,94,42,41,65,s-l300 (1).jpg,300,225
human,143,45,41,70,s-l300 (1).jpg,300,225
human,197,41,43,73,s-l300 (1).jpg,300,225
human,252,44,44,72,s-l300 (1).jpg,300,225
human,243,122,34,69,s-l300 (1).jpg,300,225
human,202,121,33,61,s-l300 (1).jpg,300,225
human,150,122,35,55,s-l300 (1).jpg,300,225
human,94,118,41,64,s-l300 (1).jpg,300,225
human,42,119,34,62,s-l300 (1).jpg,300,225
car,41,10,21,34,s-l300.jpg,225,300
car,70,13,20,32,s-l300.jpg,225,300
car,98,12,19,38,s-l300.jpg,225,300
car,149,17,22,33,s-l300.jpg,225,300
car,35,45,22,38,s-l300.jpg,225,300
car,68,45,20,34,s-l300.jpg,225,300
car,95,49,20,40,s-l300.jpg,225,300
car,151,48,22,39,s-l300.jpg,225,300
car,23,84,24,48,s-l300.jpg,225,300
car,58,80,22,49,s-l300.jpg,225,300
car,90,87,25,43,s-l300.jpg,225,300
car,123,93,22,41,s-l300.jpg,225,300
car,154,89,24,47,s-l300.jpg,225,300
car,182,93,27,45,s-l300.jpg,225,300
car,188,144,31,54,s-l300.jpg,225,300
car,104,140,23,56,s-l300.jpg,225,300
car,70,135,24,57,s-l300.jpg,225,300
car,42,138,22,52,s-l300.jpg,225,300
car,1,133,34,66,s-l300.jpg,225,300
car,136,142,27,55,s-l300.jpg,225,300
car,123,46,20,43,s-l300.jpg,225,300
human,20,56,71,100,s-l400.jpg,400,363
human,330,18,49,134,s-l400.jpg,400,363
human,273,198,66,126,s-l400.jpg,400,363
human,55,209,76,106,s-l400.jpg,400,363
human,54,56,153,266,undertale-human.jpg,940,450
human,266,70,159,256,undertale-human.jpg,940,450
human,510,70,154,261,undertale-human.jpg,940,450
human,729,70,168,250,undertale-human.jpg,940,450
car,128,68,91,97,warsaw-poland-november-17-2018-260nw-1237379149.jpg,390,280
car,212,0,103,47,warsaw-poland-november-17-2018-260nw-1237379149.jpg,390,280
car,248,24,94,65,warsaw-poland-november-17-2018-260nw-1237379149.jpg,390,280
car,153,22,90,94,warsaw-poland-november-17-2018-260nw-1237379149.jpg,390,280
car,256,95,106,57,warsaw-poland-november-17-2018-260nw-1237379149.jpg,390,280
car,317,36,73,66,warsaw-poland-november-17-2018-260nw-1237379149.jpg,390,280
car,227,121,76,80,warsaw-poland-november-17-2018-260nw-1237379149.jpg,390,280
car,169,214,103,44,warsaw-poland-november-17-2018-260nw-1237379149.jpg,390,280
car,72,222,89,42,warsaw-poland-november-17-2018-260nw-1237379149.jpg,390,280
car,90,151,87,54,warsaw-poland-november-17-2018-260nw-1237379149.jpg,390,280
car,54,80,43,95,warsaw-poland-november-17-2018-260nw-1237379149.jpg,390,280
car,12,23,41,98,warsaw-poland-november-17-2018-260nw-1237379149.jpg,390,280
car,22,0,102,40,warsaw-poland-november-17-2018-260nw-1237379149.jpg,390,280
car,1,123,51,43,warsaw-poland-november-17-2018-260nw-1237379149.jpg,390,280
car,40,185,49,73,warsaw-poland-november-17-2018-260nw-1237379149.jpg,390,280
car,1,171,41,72,warsaw-poland-november-17-2018-260nw-1237379149.jpg,390,280
car,309,145,81,90,warsaw-poland-november-17-2018-260nw-1237379149.jpg,390,280
car,350,187,40,72,warsaw-poland-november-17-2018-260nw-1237379149.jpg,390,280
sign,42,146,73,199,WM380.jpg,1181,490
sign,139,90,54,160,WM380.jpg,1181,490
sign,233,86,63,169,WM380.jpg,1181,490
sign,321,73,61,178,WM380.jpg,1181,490
sign,418,95,64,169,WM380.jpg,1181,490
sign,159,219,64,178,WM380.jpg,1181,490
sign,267,243,64,178,WM380.jpg,1181,490
sign,376,228,63,171,WM380.jpg,1181,490
obstacle,913,254,73,85,WM380.jpg,1181,490
obstacle,984,285,57,80,WM380.jpg,1181,490
obstacle,1042,252,64,77,WM380.jpg,1181,490
obstacle,1101,311,61,75,WM380.jpg,1181,490
obstacle,928,344,70,80,WM380.jpg,1181,490
obstacle,1043,337,59,89,WM380.jpg,1181,490
sign,39,32,95,286,WM397.jpg,1135,512
sign,218,10,67,301,WM397.jpg,1135,512
sign,336,28,94,286,WM397.jpg,1135,512
sign,526,37,90,268,WM397.jpg,1135,512
sign,665,22,74,288,WM397.jpg,1135,512
sign,799,42,82,268,WM397.jpg,1135,512
sign,932,27,95,295,WM397.jpg,1135,512
sign,131,149,77,306,WM397.jpg,1135,512
sign,266,151,92,298,WM397.jpg,1135,512
sign,437,151,87,311,WM397.jpg,1135,512
sign,586,174,92,286,WM397.jpg,1135,512
sign,716,162,94,303,WM397.jpg,1135,512
sign,857,179,92,283,WM397.jpg,1135,512
sign,1011,166,92,303,WM397.jpg,1135,512
car,20,101,67,34,X7111_01.jpg,300,300
car,61,160,63,34,X7111_01.jpg,300,300
car,216,101,63,38,X7111_01.jpg,300,300
car,181,161,60,36,X7111_01.jpg,300,300