relative_im_path,class,bbox_x1,bbox_y1,bbox_x2,bbox_y2,width,height,test
00.png,car,342,270,384,293,640,480,0
00.png,car,152,282,197,309,640,480,0
00.png,car,25,207,52,220,640,480,0
00.png,car,0,253,14,274,640,480,0
00.png,sign,6,193,24,219,640,480,0
00.png,sign,49,208,63,237,640,480,0
00.png,sign,60,223,71,248,640,480,0
00.png,sign,64,246,78,277,640,480,0
00.png,sign,117,225,135,256,640,480,0
00.png,sign,136,210,148,238,640,480,0
00.png,sign,283,219,294,252,640,480,0
00.png,sign,364,242,382,272,640,480,0
00.png,sign,219,238,232,268,640,480,0
00.png,sign,132,255,144,291,640,480,0
00.png,sign,216,293,233,335,640,480,0
00.png,sign,196,279,212,319,640,480,0
00.png,obstacle,159,236,177,260,640,480,0
00.png,obstacle,181,238,209,256,640,480,0
0bd64fba-9b0b-46a0-8c6b-c48c198aadea_1.59fa175a5b6232877940db1b0ad26921.jpeg,sign,96,204,185,451,612,612,0
0bd64fba-9b0b-46a0-8c6b-c48c198aadea_1.59fa175a5b6232877940db1b0ad26921.jpeg,sign,194,190,297,420,612,612,0
0bd64fba-9b0b-46a0-8c6b-c48c198aadea_1.59fa175a5b6232877940db1b0ad26921.jpeg,sign,307,224,393,464,612,612,0
0bd64fba-9b0b-46a0-8c6b-c48c198aadea_1.59fa175a5b6232877940db1b0ad26921.jpeg,sign,427,210,501,433,612,612,0
0bd64fba-9b0b-46a0-8c6b-c48c198aadea_1.59fa175a5b6232877940db1b0ad26921.jpeg,sign,529,216,612,452,612,612,0
01.png,sign,427,255,447,296,640,480,0
01.png,sign,353,225,368,258,640,480,0
01.png,sign,280,236,292,272,640,480,0
01.png,sign,225,293,242,341,640,480,0
01.png,sign,218,277,233,322,640,480,0
01.png,sign,135,186,146,212,640,480,0
01.png,sign,64,190,72,210,640,480,0
01.png,sign,138,234,150,267,640,480,0
01.png,sign,185,251,198,288,640,480,0
01.png,sign,202,222,213,251,640,480,0
01.png,sign,157,200,168,225,640,480,0
01.png,human,28,224,46,246,640,480,0
01.png,sign,81,207,95,236,640,480,0
01.png,obstacle,257,237,283,254,640,480,0
01.png,obstacle,235,236,249,255,640,480,0
01.png,car,65,242,104,256,640,480,0
01.png,car,33,214,70,224,640,480,0
01.png,car,149,199,175,210,640,480,0
01.png,car,198,287,225,303,640,480,0
01.png,car,388,286,438,312,640,480,0
01.png,sign,66,128,75,146,640,480,0
01.png,sign,102,128,109,142,640,480,0
01.png,sign,94,128,100,144,640,480,0
01.png,sign,85,127,93,144,640,480,0
01.png,sign,76,127,83,144,640,480,0
1bc23-img_0210.jpg,car,57,235,569,457,1600,622,0
1bc23-img_0210.jpg,car,588,212,1015,347,1600,622,0
1bc23-img_0210.jpg,car,1050,120,1531,292,1600,622,0
1bc23-img_0210.jpg,car,828,332,1338,528,1600,622,0
1bc23-img_0210.jpg,car,909,257,1395,377,1600,622,0
1bc23-img_0210.jpg,car,394,342,887,517,1600,622,0
1ec108658d1d5d02d1882ff8bb118b15.jpg,human,53,65,156,308,950,950,0
1ec108658d1d5d02d1882ff8bb118b15.jpg,human,206,69,283,305,950,950,0
1ec108658d1d5d02d1882ff8bb118b15.jpg,human,319,95,444,271,950,950,0
1ec108658d1d5d02d1882ff8bb118b15.jpg,human,473,59,572,316,950,950,0
1ec108658d1d5d02d1882ff8bb118b15.jpg,human,614,79,739,307,950,950,0
1ec108658d1d5d02d1882ff8bb118b15.jpg,human,798,109,869,331,950,950,0
1ec108658d1d5d02d1882ff8bb118b15.jpg,human,81,344,178,580,950,950,0
1ec108658d1d5d02d1882ff8bb118b15.jpg,human,204,362,291,607,950,950,0
1ec108658d1d5d02d1882ff8bb118b15.jpg,human,315,364,444,598,950,950,0
1ec108658d1d5d02d1882ff8bb118b15.jpg,human,471,362,600,603,950,950,0
1ec108658d1d5d02d1882ff8bb118b15.jpg,human,619,362,730,609,950,950,0
1ec108658d1d5d02d1882ff8bb118b15.jpg,human,778,396,877,576,950,950,0
1ec108658d1d5d02d1882ff8bb118b15.jpg,human,766,639,895,886,950,950,0
1ec108658d1d5d02d1882ff8bb118b15.jpg,human,645,643,734,873,950,950,0
1ec108658d1d5d02d1882ff8bb118b15.jpg,human,481,657,588,867,950,950,0
1ec108658d1d5d02d1882ff8bb118b15.jpg,human,338,629,447,892,950,950,0
1ec108658d1d5d02d1882ff8bb118b15.jpg,human,228,663,285,885,950,950,0
1ec108658d1d5d02d1882ff8bb118b15.jpg,human,69,614,174,887,950,950,0
02.png,human,164,194,182,219,640,480,0
02.png,sign,254,105,264,121,640,480,0
02.png,sign,264,103,271,121,640,480,0
02.png,sign,272,103,278,119,640,480,0
02.png,sign,279,103,286,118,640,480,0
02.png,sign,287,102,294,117,640,480,0
02.png,sign,273,159,285,176,640,480,0
02.png,sign,302,192,314,223,640,480,0
02.png,sign,366,211,380,252,640,480,0
02.png,sign,238,206,250,237,640,480,0
02.png,sign,255,273,274,322,640,480,0
02.png,sign,463,194,477,235,640,480,0
02.png,sign,269,257,282,300,640,480,0
02.png,sign,520,231,542,282,640,480,0
02.png,car,185,184,210,199,640,480,0
02.png,car,289,169,311,182,640,480,0
02.png,sign,282,172,294,196,640,480,0
02.png,car,188,209,221,226,640,480,0
02.png,car,261,255,297,278,640,480,0
02.png,car,468,269,521,301,640,480,0
02.png,obstacle,331,206,349,229,640,480,0
02.png,obstacle,358,211,390,223,640,480,0
07.png,obstacle,316,205,329,225,640,480,0
07.png,obstacle,310,195,351,214,640,480,0
07.png,sign,68,169,101,216,640,480,0
07.png,sign,161,194,187,244,640,480,0
07.png,sign,216,161,235,203,640,480,0
07.png,sign,268,192,279,234,640,480,0
07.png,sign,425,160,437,199,640,480,0
07.png,sign,574,177,594,219,640,480,0
07.png,sign,561,250,591,310,640,480,0
07.png,sign,403,231,426,288,640,480,0
07.png,sign,255,232,282,283,640,480,0
07.png,sign,417,192,436,233,640,480,0
07.png,car,96,262,139,309,640,480,0
07.png,car,447,266,523,298,640,480,0
07.png,car,582,212,634,234,640,480,0
32.png,car,326,206,370,244,640,480,0
32.png,car,48,135,71,154,640,480,0
32.png,car,0,167,15,188,640,480,0
32.png,car,134,198,172,225,640,480,0
32.png,human,377,344,455,376,640,480,0
32.png,human,425,271,459,315,640,480,0
32.png,human,527,206,557,253,640,480,0
32.png,human,518,169,539,217,640,480,0
32.png,human,290,249,322,297,640,480,0
32.png,human,136,250,173,271,640,480,0
32.png,human,270,181,297,218,640,480,0
32.png,human,261,154,281,197,640,480,0
32.png,human,255,136,278,151,640,480,0
32.png,human,166,136,185,156,640,480,0
32.png,human,160,105,176,128,640,480,0
32.png,human,68,166,89,191,640,480,0
32.png,human,53,209,75,237,640,480,0
32.png,human,208,171,224,202,640,480,0
32.png,obstacle,117,163,138,190,640,480,0
32.png,obstacle,189,172,225,186,640,480,0
32.png,car,327,265,372,298,640,480,0
32.png,sign,397,220,427,273,640,480,0
32.png,sign,406,173,423,217,640,480,0
32.png,sign,230,209,256,255,640,480,0
32.png,sign,147,198,165,239,640,480,0
32.png,sign,0,121,14,153,640,480,0
32.png,sign,84,112,100,143,640,480,0
32.png,sign,34,142,50,174,640,480,0
32.png,sign,89,184,112,226,640,480,0
34.png,sign,154,202,184,254,640,480,0
34.png,sign,313,228,341,276,640,480,0
34.png,sign,341,179,362,225,640,480,0
34.png,sign,79,188,109,237,640,480,0
34.png,sign,30,173,55,217,640,480,0
34.png,sign,60,102,77,133,640,480,0
34.png,sign,1,125,15,163,640,480,0
34.png,obstacle,139,159,171,180,640,480,0
34.png,obstacle,76,152,97,180,640,480,0
34.png,human,135,94,152,122,640,480,0
34.png,human,221,131,246,150,640,480,0
34.png,human,136,127,154,150,640,480,0
34.png,human,209,154,239,199,640,480,0
34.png,human,216,178,243,222,640,480,0
34.png,human,328,285,361,326,640,480,0
34.png,human,253,347,327,397,640,480,0
34.png,human,452,218,478,267,640,480,0
34.png,human,455,177,477,226,640,480,0
34.png,human,0,193,17,228,640,480,0
34.png,human,59,246,98,264,640,480,0
34.png,human,29,150,49,180,640,480,0
34.png,human,188,263,242,297,640,480,0
34.png,car,238,262,292,305,640,480,0
34.png,car,260,210,304,246,640,480,0
34.png,car,27,121,46,146,640,480,0
35.png,car,2,119,27,138,640,480,0
35.png,car,37,139,78,157,640,480,0
35.png,car,0,159,38,179,640,480,0
35.png,car,125,113,143,135,640,480,0
35.png,car,167,182,186,213,640,480,0
35.png,car,326,222,371,259,640,480,0
35.png,car,283,277,341,312,640,480,0
35.png,sign,80,99,100,132,640,480,0
35.png,sign,156,95,175,126,640,480,0
35.png,sign,220,202,247,255,640,480,0
35.png,sign,150,179,175,231,640,480,0
35.png,sign,113,164,136,204,640,480,0
35.png,sign,373,237,402,292,640,480,0
35.png,sign,419,185,435,236,640,480,0
35.png,human,291,367,362,426,640,480,0
35.png,human,377,305,412,352,640,480,0
35.png,human,535,239,571,295,640,480,0
35.png,human,544,196,572,248,640,480,0
35.png,human,434,174,452,214,640,480,0
35.png,human,231,89,243,118,640,480,0
35.png,human,305,129,330,145,640,480,0
35.png,human,223,119,239,144,640,480,0
35.png,human,234,162,246,193,640,480,0
35.png,human,81,185,103,212,640,480,0
35.png,human,128,236,162,256,640,480,0
35.png,human,119,140,142,171,640,480,0
35.png,human,240,268,288,305,640,480,0
35.png,human,286,153,308,199,640,480,0
35.png,human,278,177,304,222,640,480,0
35.png,obstacle,161,145,180,172,640,480,0
35.png,obstacle,218,160,251,177,640,480,0
35.png,sign,41,143,60,178,640,480,0
36.png,obstacle,252,155,267,177,640,480,0
36.png,obstacle,300,171,333,188,640,480,0
36.png,car,129,126,149,143,640,480,0
36.png,car,110,160,145,175,640,480,0
36.png,car,150,145,185,158,640,480,0
36.png,car,230,124,247,141,640,480,0
36.png,car,377,236,408,273,640,480,0
36.png,car,309,288,380,320,640,480,0
36.png,car,240,187,266,216,640,480,0
36.png,sign,148,145,164,182,640,480,0
36.png,sign,194,108,210,131,640,480,0
36.png,sign,202,167,219,209,640,480,0
36.png,sign,228,185,246,232,640,480,0
36.png,sign,276,208,303,258,640,480,0
36.png,sign,413,254,438,315,640,480,0
36.png,sign,474,203,495,259,640,480,0
36.png,human,580,274,615,335,640,480,0
36.png,human,609,231,640,293,640,480,0
36.png,human,503,195,521,237,640,480,0
36.png,human,272,280,331,308,640,480,0
36.png,human,394,319,426,368,640,480,0
36.png,human,284,376,354,436,640,480,0
36.png,human,195,232,230,259,640,480,0
36.png,human,172,184,187,215,640,480,0
36.png,human,100,148,115,178,640,480,0
36.png,human,329,100,345,129,640,480,0
36.png,human,314,132,331,155,640,480,0
36.png,human,390,145,418,159,640,480,0
36.png,human,305,172,318,202,640,480,0
36.png,human,354,161,374,209,640,480,0
36.png,human,341,193,362,233,640,480,0
36.png,human,215,149,233,175,640,480,0
36.png,sign,262,103,276,135,640,480,0
51hYNIY-UcL._AC_SY200_.jpg,car,125,75,155,89,492,180,0
51hYNIY-UcL._AC_SY200_.jpg,car,180,55,205,69,492,180,0
51hYNIY-UcL._AC_SY200_.jpg,car,344,25,363,48,492,180,0
51hYNIY-UcL._AC_SY200_.jpg,car,388,101,400,127,492,180,0
51lQ5Xeh3cL.jpg,sign,62,79,192,371,1001,1001,0
51lQ5Xeh3cL.jpg,sign,209,83,281,345,1001,1001,0
51lQ5Xeh3cL.jpg,sign,230,183,326,439,1001,1001,0
51lQ5Xeh3cL.jpg,sign,349,85,432,347,1001,1001,0
51lQ5Xeh3cL.jpg,sign,405,158,486,439,1001,1001,0
51lQ5Xeh3cL.jpg,sign,509,72,588,342,1001,1001,0
51lQ5Xeh3cL.jpg,sign,607,149,684,413,1001,1001,0
51lQ5Xeh3cL.jpg,sign,671,72,739,336,1001,1001,0
51lQ5Xeh3cL.jpg,sign,788,151,860,417,1001,1001,0
51lQ5Xeh3cL.jpg,sign,835,79,920,328,1001,1001,0
51lQ5Xeh3cL.jpg,sign,126,598,239,877,1001,1001,0
51lQ5Xeh3cL.jpg,sign,260,645,364,941,1001,1001,0
51lQ5Xeh3cL.jpg,sign,360,577,454,877,1001,1001,0
51lQ5Xeh3cL.jpg,sign,564,586,658,869,1001,1001,0
51lQ5Xeh3cL.jpg,sign,692,647,781,947,1001,1001,0
51lQ5Xeh3cL.jpg,sign,775,598,862,868,1001,1001,0
51QnizVBZ7L.jpg,obstacle,23,390,227,701,1001,1001,0
51QnizVBZ7L.jpg,obstacle,209,315,401,652,1001,1001,0
51QnizVBZ7L.jpg,obstacle,405,296,578,654,1001,1001,0
51QnizVBZ7L.jpg,obstacle,609,341,792,652,1001,1001,0
51QnizVBZ7L.jpg,obstacle,786,341,969,675,1001,1001,0
51uzsGO1B0L.jpg,car,217,3,233,32,500,281,0
51uzsGO1B0L.jpg,car,333,65,372,78,500,281,0
51uzsGO1B0L.jpg,car,170,40,216,61,500,281,0
51uzsGO1B0L.jpg,car,220,81,236,115,500,281,0
51uzsGO1B0L.jpg,car,285,77,324,118,500,281,0
51uzsGO1B0L.jpg,car,245,154,269,203,500,281,0
71hJW-A24uL._AC_SS350_.jpg,sign,34,94,62,198,350,350,0
71hJW-A24uL._AC_SS350_.jpg,sign,113,61,141,161,350,350,0
71hJW-A24uL._AC_SS350_.jpg,sign,86,100,117,199,350,350,0
71hJW-A24uL._AC_SS350_.jpg,sign,203,53,230,157,350,350,0
71hJW-A24uL._AC_SS350_.jpg,sign,141,88,170,183,350,350,0
71hJW-A24uL._AC_SS350_.jpg,sign,187,95,209,179,350,350,0
71hJW-A24uL._AC_SS350_.jpg,sign,228,103,254,175,350,350,0
71hJW-A24uL._AC_SS350_.jpg,sign,251,133,281,235,350,350,0
71hJW-A24uL._AC_SS350_.jpg,sign,270,89,298,182,350,350,0
71hJW-A24uL._AC_SS350_.jpg,sign,298,121,332,222,350,350,0
71hJW-A24uL._AC_SS350_.jpg,sign,284,169,312,283,350,350,0
71hJW-A24uL._AC_SS350_.jpg,sign,165,151,192,257,350,350,0
71hJW-A24uL._AC_SS350_.jpg,sign,127,135,156,232,350,350,0
71hJW-A24uL._AC_SS350_.jpg,sign,73,142,102,246,350,350,0
71hJW-A24uL._AC_SS350_.jpg,sign,53,174,84,285,350,350,0
71hJW-A24uL._AC_SS350_.jpg,sign,112,175,143,281,350,350,0
71hJW-A24uL._AC_SS350_.jpg,sign,17,147,45,255,350,350,0
87ce2faa3687c4930f013255f3018109.jpg,human,58,488,241,864,1477,1194,0
87ce2faa3687c4930f013255f3018109.jpg,human,337,368,497,680,1477,1194,0
87ce2faa3687c4930f013255f3018109.jpg,human,164,645,377,1041,1477,1194,0
87ce2faa3687c4930f013255f3018109.jpg,human,469,589,672,968,1477,1194,0
87ce2faa3687c4930f013255f3018109.jpg,human,561,805,876,1097,1477,1194,0
87ce2faa3687c4930f013255f3018109.jpg,human,1104,823,1414,1143,1477,1194,0
87ce2faa3687c4930f013255f3018109.jpg,human,1206,551,1389,891,1477,1194,0
87ce2faa3687c4930f013255f3018109.jpg,human,972,462,1173,714,1477,1194,0
87ce2faa3687c4930f013255f3018109.jpg,human,703,508,924,813,1477,1194,0
87ce2faa3687c4930f013255f3018109.jpg,human,883,643,1079,978,1477,1194,0
417wpQbxHWL-1.jpg,human,15,116,56,245,500,339,0
417wpQbxHWL-1.jpg,human,72,120,130,252,500,339,0
417wpQbxHWL-1.jpg,human,185,70,243,249,500,339,0
417wpQbxHWL-1.jpg,human,260,71,305,255,500,339,0
417wpQbxHWL-1.jpg,human,313,64,395,245,500,339,0
417wpQbxHWL-1.jpg,human,397,68,484,244,500,339,0
1977-ferrero-kinder-egg-surprise_1_b767dd4f6a84186cdd81d906ee42f965.jpg,human,458,122,688,763,1440,1080,0
1977-ferrero-kinder-egg-surprise_1_b767dd4f6a84186cdd81d906ee42f965.jpg,human,833,165,1205,811,1440,1080,0
2018-matchbox-diecast-convention.jpg,car,399,379,611,467,1920,1081,0
2018-matchbox-diecast-convention.jpg,car,620,345,804,430,1920,1081,0
2018-matchbox-diecast-convention.jpg,car,807,317,971,391,1920,1081,0
2018-matchbox-diecast-convention.jpg,car,674,501,861,589,1920,1081,0
2018-matchbox-diecast-convention.jpg,car,1045,422,1204,501,1920,1081,0
2018-matchbox-diecast-convention.jpg,car,481,727,733,849,1920,1081,0
2018-matchbox-diecast-convention.jpg,car,782,852,1006,988,1920,1081,0
2018-matchbox-diecast-convention.jpg,car,1371,688,1575,796,1920,1081,0
30891-rgls.jpeg,car,138,516,290,581,900,675,0
30891-rgls.jpeg,car,370,412,491,464,900,675,0
30891-rgls.jpeg,car,291,395,396,447,900,675,0
30891-rgls.jpeg,car,492,523,643,596,900,675,0
30891-rgls.jpeg,car,306,527,465,595,900,675,0
30891-rgls.jpeg,car,789,438,900,503,900,675,0
30891-rgls.jpeg,car,538,452,653,511,900,675,0
30891-rgls.jpeg,car,661,451,754,530,900,675,0
76517db4eae9b2a686466f10c30aa602.jpg,human,34,102,151,286,800,600,0
76517db4eae9b2a686466f10c30aa602.jpg,human,161,115,284,285,800,600,0
76517db4eae9b2a686466f10c30aa602.jpg,human,311,105,422,282,800,600,0
76517db4eae9b2a686466f10c30aa602.jpg,human,442,112,530,288,800,600,0
76517db4eae9b2a686466f10c30aa602.jpg,human,553,124,647,277,800,600,0
76517db4eae9b2a686466f10c30aa602.jpg,human,660,120,772,287,800,600,0
76517db4eae9b2a686466f10c30aa602.jpg,human,678,306,799,473,800,600,0
76517db4eae9b2a686466f10c30aa602.jpg,human,562,296,678,467,800,600,0
76517db4eae9b2a686466f10c30aa602.jpg,human,442,303,552,472,800,600,0
76517db4eae9b2a686466f10c30aa602.jpg,human,34,295,143,480,800,600,0
76517db4eae9b2a686466f10c30aa602.jpg,human,159,303,293,477,800,600,0
76517db4eae9b2a686466f10c30aa602.jpg,human,307,295,427,475,800,600,0
36629428-several-toy-traffic-signs-on-display-on-a-blank-sheet-of-paper-driving-school-academy.jpg,obstacle,67,288,247,591,1300,863,0
36629428-several-toy-traffic-signs-on-display-on-a-blank-sheet-of-paper-driving-school-academy.jpg,obstacle,435,349,976,729,1300,863,0
36629428-several-toy-traffic-signs-on-display-on-a-blank-sheet-of-paper-driving-school-academy.jpg,sign,451,81,551,332,1300,863,0
36629428-several-toy-traffic-signs-on-display-on-a-blank-sheet-of-paper-driving-school-academy.jpg,sign,800,65,940,335,1300,863,0
36629428-several-toy-traffic-signs-on-display-on-a-blank-sheet-of-paper-driving-school-academy.jpg,sign,1104,186,1231,539,1300,863,0
173960123_tcimg_F55329D1.jpg,human,11,335,238,611,720,960,0
173960123_tcimg_F55329D1.jpg,human,291,212,434,539,720,960,0
173960123_tcimg_F55329D1.jpg,human,511,294,720,643,720,960,0
191148633.jpg,human,124,41,423,470,720,720,0
2256020660_0e5611db15_b.jpg,human,850,505,983,683,1024,683,0
2256020660_0e5611db15_b.jpg,human,719,343,807,515,1024,683,0
2256020660_0e5611db15_b.jpg,human,891,197,960,327,1024,683,0
2256020660_0e5611db15_b.jpg,human,828,138,899,283,1024,683,0
2256020660_0e5611db15_b.jpg,human,979,74,1024,193,1024,683,0
2256020660_0e5611db15_b.jpg,human,838,41,957,153,1024,683,0
2256020660_0e5611db15_b.jpg,human,681,18,744,121,1024,683,0
2256020660_0e5611db15_b.jpg,human,202,94,287,195,1024,683,0
2256020660_0e5611db15_b.jpg,human,242,251,352,429,1024,683,0
2256020660_0e5611db15_b.jpg,human,553,277,635,417,1024,683,0
2256020660_0e5611db15_b.jpg,human,498,201,584,329,1024,683,0
2256020660_0e5611db15_b.jpg,human,190,557,395,683,1024,683,0
2256020660_0e5611db15_b.jpg,human,33,29,115,129,1024,683,0
4711492866_57d0af7cd6_b.jpg,car,32,453,161,500,1024,768,0
4711492866_57d0af7cd6_b.jpg,car,69,502,169,566,1024,768,0
4711492866_57d0af7cd6_b.jpg,car,561,342,636,388,1024,768,0
4711492866_57d0af7cd6_b.jpg,car,713,270,793,312,1024,768,0
4711492866_57d0af7cd6_b.jpg,car,633,301,731,345,1024,768,0
4711492866_57d0af7cd6_b.jpg,car,695,328,767,379,1024,768,0
4711492866_57d0af7cd6_b.jpg,car,538,412,620,461,1024,768,0
4711492866_57d0af7cd6_b.jpg,car,474,376,574,433,1024,768,0
4711492866_57d0af7cd6_b.jpg,car,192,565,308,634,1024,768,0
4711492866_57d0af7cd6_b.jpg,car,587,521,692,593,1024,768,0
4711492866_57d0af7cd6_b.jpg,car,442,453,540,513,1024,768,0
4711492866_57d0af7cd6_b.jpg,car,331,505,421,562,1024,768,0
4711492866_57d0af7cd6_b.jpg,car,324,327,432,379,1024,768,0
an-old-and-vintage-american-toy-car-on-a-turquoise-carpet-of-wool-K04Y4D.jpg,car,487,222,802,629,1300,956,0
blowuptrafficsigns.jpg,sign,170,89,317,361,1000,1000,0
blowuptrafficsigns.jpg,sign,617,77,753,379,1000,1000,0
blowuptrafficsigns.jpg,sign,109,521,298,870,1000,1000,0
blowuptrafficsigns.jpg,obstacle,296,385,564,628,1000,1000,0
blowuptrafficsigns.jpg,obstacle,657,319,923,566,1000,1000,0
blowuptrafficsigns.jpg,obstacle,483,566,685,872,1000,1000,0
determine-value-matchbox-cars_7a1dca6f67f6b6fc.jpg,car,301,239,600,326,740,420,0
d-rendering-striped-roadblock-sign-several-traffic-cones-standing-front-colorful-lego-blocks-pile-building-93107760.jpg,obstacle,86,301,183,386,800,510,0
d-rendering-striped-roadblock-sign-several-traffic-cones-standing-front-colorful-lego-blocks-pile-building-93107760.jpg,obstacle,172,144,231,224,800,510,0
d-rendering-striped-roadblock-sign-several-traffic-cones-standing-front-colorful-lego-blocks-pile-building-93107760.jpg,obstacle,368,347,426,453,800,510,0
d-rendering-striped-roadblock-sign-several-traffic-cones-standing-front-colorful-lego-blocks-pile-building-93107760.jpg,obstacle,440,328,505,426,800,510,0
d-rendering-striped-roadblock-sign-several-traffic-cones-standing-front-colorful-lego-blocks-pile-building-93107760.jpg,obstacle,140,213,426,397,800,510,0
DSC_0219.JPG,human,31,35,380,691,1600,759,0
DSC_0219.JPG,human,477,68,730,693,1600,759,0
DSC_0219.JPG,human,814,54,1085,696,1600,759,0
DSC_0219.JPG,human,1196,49,1491,696,1600,759,0
EFZBV80W4AAyAdq.jpg,car,220,689,355,796,996,1200,0
EFZBV80W4AAyAdq.jpg,car,232,557,326,667,996,1200,0
EFZBV80W4AAyAdq.jpg,car,64,488,156,575,996,1200,0
EFZBV80W4AAyAdq.jpg,car,712,1080,906,1172,996,1200,0
EFZBV80W4AAyAdq.jpg,car,577,896,641,1070,996,1200,0
EFZBV80W4AAyAdq.jpg,car,649,909,705,1052,996,1200,0
EFZBV80W4AAyAdq.jpg,car,462,906,523,1080,996,1200,0
EFZBV80W4AAyAdq.jpg,car,143,730,237,858,996,1200,0
EFZBV80W4AAyAdq.jpg,car,56,835,163,947,996,1200,0
EFZBV80W4AAyAdq.jpg,car,72,603,195,731,996,1200,0
EFZBV80W4AAyAdq.jpg,car,245,434,322,526,996,1200,0
EFZBV80W4AAyAdq.jpg,car,301,513,413,587,996,1200,0
EFZBV80W4AAyAdq.jpg,car,587,431,704,462,996,1200,0
EFZBV80W4AAyAdq.jpg,car,564,355,689,391,996,1200,0
EFZBV80W4AAyAdq.jpg,car,235,334,299,428,996,1200,0
EFZBV80W4AAyAdq.jpg,car,67,411,121,488,996,1200,0
EFZBV80W4AAyAdq.jpg,car,69,291,140,391,996,1200,0
EFZBV80W4AAyAdq.jpg,car,107,212,156,299,996,1200,0
EFZBV80W4AAyAdq.jpg,car,141,140,187,204,996,1200,0
EFZBV80W4AAyAdq.jpg,car,146,79,195,133,996,1200,0
EFZBV80W4AAyAdq.jpg,car,171,191,225,270,996,1200,0
EFZBV80W4AAyAdq.jpg,car,202,87,253,151,996,1200,0
EFZBV80W4AAyAdq.jpg,car,166,20,225,84,996,1200,0
EFZBV80W4AAyAdq.jpg,car,404,51,450,120,996,1200,0
EFZBV80W4AAyAdq.jpg,car,452,3,498,57,996,1200,0
EFZBV80W4AAyAdq.jpg,car,529,8,570,59,996,1200,0
EFZBV80W4AAyAdq.jpg,car,307,56,348,125,996,1200,0
EFZBV80W4AAyAdq.jpg,car,258,56,301,127,996,1200,0
EFZBV80W4AAyAdq.jpg,car,222,5,253,71,996,1200,0
EFZBV80W4AAyAdq.jpg,car,286,3,355,46,996,1200,0
ff248f5f6c6304c47d9da1d10079290a--kids-gadgets-kids-safety.jpg,car,39,106,90,149,300,250,0
ff248f5f6c6304c47d9da1d10079290a--kids-gadgets-kids-safety.jpg,car,162,46,214,69,300,250,0
ff248f5f6c6304c47d9da1d10079290a--kids-gadgets-kids-safety.jpg,car,167,94,202,136,300,250,0
ff248f5f6c6304c47d9da1d10079290a--kids-gadgets-kids-safety.jpg,car,211,103,250,143,300,250,0
ff248f5f6c6304c47d9da1d10079290a--kids-gadgets-kids-safety.jpg,car,267,112,294,153,300,250,0
ff248f5f6c6304c47d9da1d10079290a--kids-gadgets-kids-safety.jpg,car,114,176,166,248,300,250,0
ff248f5f6c6304c47d9da1d10079290a--kids-gadgets-kids-safety.jpg,human,189,180,207,218,300,250,0
ff248f5f6c6304c47d9da1d10079290a--kids-gadgets-kids-safety.jpg,human,130,124,145,152,300,250,0
ff248f5f6c6304c47d9da1d10079290a--kids-gadgets-kids-safety.jpg,human,78,23,92,45,300,250,0
ff248f5f6c6304c47d9da1d10079290a--kids-gadgets-kids-safety.jpg,sign,118,60,140,113,300,250,0
ff248f5f6c6304c47d9da1d10079290a--kids-gadgets-kids-safety.jpg,obstacle,111,38,136,57,300,250,0
Hfa953faeb8994c28bbd4337a18e3c16f2.jpg,sign,111,146,228,332,900,900,0
Hfa953faeb8994c28bbd4337a18e3c16f2.jpg,sign,236,126,320,321,900,900,0
Hfa953faeb8994c28bbd4337a18e3c16f2.jpg,sign,354,138,429,331,900,900,0
Hfa953faeb8994c28bbd4337a18e3c16f2.jpg,sign,454,147,523,325,900,900,0
Hfa953faeb8994c28bbd4337a18e3c16f2.jpg,sign,540,153,609,327,900,900,0
Hfa953faeb8994c28bbd4337a18e3c16f2.jpg,sign,628,169,682,332,900,900,0
Hfa953faeb8994c28bbd4337a18e3c16f2.jpg,sign,707,169,778,334,900,900,0
Hfa953faeb8994c28bbd4337a18e3c16f2.jpg,sign,44,391,111,550,900,900,0
Hfa953faeb8994c28bbd4337a18e3c16f2.jpg,sign,423,373,482,545,900,900,0
Hfa953faeb8994c28bbd4337a18e3c16f2.jpg,obstacle,67,781,230,877,900,900,0
Hfa953faeb8994c28bbd4337a18e3c16f2.jpg,obstacle,373,789,463,877,900,900,0
Hfa953faeb8994c28bbd4337a18e3c16f2.jpg,obstacle,703,820,806,879,900,900,0
Hfa953faeb8994c28bbd4337a18e3c16f2.jpg,obstacle,473,785,576,879,900,900,0
Hfa953faeb8994c28bbd4337a18e3c16f2.jpg,obstacle,607,787,686,881,900,900,0
Hfa953faeb8994c28bbd4337a18e3c16f2.jpg,obstacle,255,760,343,869,900,900,0
Hfa953faeb8994c28bbd4337a18e3c16f2.jpg,obstacle,563,461,703,553,900,900,0
hpfsatz607.jpg,human,79,100,178,285,820,620,0
hpfsatz607.jpg,human,249,79,308,277,820,620,0
hpfsatz607.jpg,human,360,80,442,294,820,620,0
hpfsatz607.jpg,human,489,69,577,292,820,620,0
hpfsatz607.jpg,human,611,75,738,297,820,620,0
hpfsatz607.jpg,human,56,317,168,508,820,620,0
hpfsatz607.jpg,human,190,319,297,506,820,620,0
hpfsatz607.jpg,human,314,318,387,501,820,620,0
hpfsatz607.jpg,human,426,327,508,510,820,620,0
hpfsatz607.jpg,human,683,340,758,515,820,620,0
il_340x270.1457422746_d4s7.jpg,human,112,0,233,124,340,270,0
il_340x270.2184207109_hoz6.jpg,car,160,44,200,65,340,270,0
il_340x270.2184207109_hoz6.jpg,car,153,64,194,87,340,270,0
il_340x270.2184207109_hoz6.jpg,car,314,6,340,49,340,270,0
il_340x270.2184207109_hoz6.jpg,car,83,142,100,184,340,270,0
il_340x270.2184207109_hoz6.jpg,car,96,151,118,191,340,270,0
il_340x270.2184207109_hoz6.jpg,car,10,163,37,200,340,270,0
il_340x270.2184207109_hoz6.jpg,car,238,219,263,257,340,270,0
il_340x270.2184207109_hoz6.jpg,car,189,245,212,270,340,270,0
il_340x270.2196883336_3abh.jpg,sign,108,139,149,243,340,270,0
il_340x270.2196883336_3abh.jpg,sign,283,121,315,231,340,270,0
il_340x270.2196883336_3abh.jpg,sign,250,68,278,150,340,270,0
il_340x270.2196883336_3abh.jpg,sign,202,75,232,142,340,270,0
il_340x270.2196883336_3abh.jpg,sign,41,84,71,161,340,270,0
il_340x270.2196883336_3abh.jpg,sign,118,107,159,191,340,270,0
il_340x270.2196883336_3abh.jpg,sign,89,74,121,153,340,270,0
il_340x270.2196883336_3abh.jpg,sign,56,102,95,189,340,270,0
il_340x270.2196883336_3abh.jpg,sign,177,95,210,178,340,270,0
il_340x270.2225275806_m311.jpg,car,75,36,122,75,340,270,0
il_340x270.2225275806_m311.jpg,car,102,12,146,53,340,270,0
il_340x270.2225275806_m311.jpg,car,121,1,170,34,340,270,0
il_1588xN.1251558862_i7d6.jpg,human,133,258,277,587,1588,1191,0
il_1588xN.1251558862_i7d6.jpg,human,320,357,485,570,1588,1191,0
il_1588xN.1251558862_i7d6.jpg,human,528,264,726,566,1588,1191,0
il_1588xN.1251558862_i7d6.jpg,human,807,46,1000,375,1588,1191,0
il_1588xN.1251558862_i7d6.jpg,human,1268,182,1428,519,1588,1191,0
il_1588xN.1251558862_i7d6.jpg,human,1004,248,1141,582,1588,1191,0
il_1588xN.1251558862_i7d6.jpg,human,231,768,398,1113,1588,1191,0
il_1588xN.1251558862_i7d6.jpg,human,518,712,693,1102,1588,1191,0
il_1588xN.1251558862_i7d6.jpg,human,766,725,951,1095,1588,1191,0
il_1588xN.1251558862_i7d6.jpg,human,997,730,1187,1108,1588,1191,0
il_1588xN.1251558862_i7d6.jpg,human,1291,720,1471,1090,1588,1191,0
im001 (2).jpg,human,613,290,766,425,1280,960,0
im001 (2).jpg,human,1087,221,1269,335,1280,960,0
im001 (2).jpg,human,885,502,1085,610,1280,960,0
im001 (3).jpg,obstacle,505,125,628,305,1280,960,0
im001 (3).jpg,obstacle,969,429,1183,701,1280,960,0
im001 (3).jpg,obstacle,750,678,907,805,1280,960,0
im001 (3).jpg,obstacle,532,300,779,559,1280,960,0
im001 (4).jpg,sign,407,86,613,335,1280,960,0
im001 (4).jpg,sign,671,161,959,371,1280,960,0
im001 (5).jpg,sign,201,496,371,821,1280,960,0
im001 (5).jpg,sign,456,513,568,817,1280,960,0
im001 (5).jpg,sign,660,515,785,821,1280,960,0
im001 (5).jpg,sign,826,521,973,813,1280,960,0
im001.jpg,car,248,241,395,564,1280,960,0
im001.jpg,car,485,139,640,452,1280,960,0
im002 (2).jpg,human,432,139,575,274,1280,960,0
im002 (2).jpg,human,844,366,1020,511,1280,960,0
im002 (2).jpg,human,1069,423,1230,548,1280,960,0
im002 (3).jpg,obstacle,517,521,646,642,1280,960,0
im002 (3).jpg,obstacle,701,411,960,638,1280,960,0
im002 (3).jpg,obstacle,916,672,1045,788,1280,960,0
im002 (3).jpg,obstacle,1069,588,1280,849,1280,960,0
im002 (4).jpg,sign,144,266,397,501,1280,960,0
im002 (4).jpg,sign,515,188,750,419,1280,960,0
im002 (4).jpg,sign,797,415,1034,654,1280,960,0
im002 (4).jpg,sign,409,439,548,717,1280,960,0
im002.jpg,car,481,313,612,666,1280,960,0
im002.jpg,car,344,98,659,243,1280,960,0
im003 (2).jpg,human,785,190,930,374,1280,960,0
im003 (2).jpg,human,503,549,634,645,1280,960,0
im003 (2).jpg,human,1022,654,1216,787,1280,960,0
im003 (3).jpg,obstacle,699,282,911,578,1280,960,0
im003 (3).jpg,obstacle,511,688,629,806,1280,960,0
im003 (3).jpg,obstacle,975,715,1140,864,1280,960,0
im003 (3).jpg,obstacle,1169,607,1280,856,1280,960,0
im003 (4).jpg,sign,164,165,472,277,1280,960,0
im003 (4).jpg,sign,601,35,756,307,1280,960,0
im003 (4).jpg,sign,315,423,585,546,1280,960,0
im003 (4).jpg,sign,779,298,987,527,1280,960,0
im003.jpg,car,238,274,397,640,1280,960,0
im003.jpg,car,295,94,622,270,1280,960,0
im004 (2).jpg,human,581,116,687,292,1280,960,0
im004 (2).jpg,human,793,0,877,145,1280,960,0
im004 (2).jpg,human,789,396,926,549,1280,960,0
im004 (3).jpg,obstacle,125,167,431,314,1280,960,0
im004 (3).jpg,obstacle,889,257,1163,490,1280,960,0
im004 (3).jpg,obstacle,967,637,1126,804,1280,960,0
im004 (3).jpg,obstacle,513,533,662,705,1280,960,0
im004.jpg,car,724,178,1047,362,1280,960,0
im004.jpg,car,1171,268,1280,640,1280,960,0
im005 (2).jpg,human,626,125,740,333,1280,960,0
im005 (2).jpg,human,850,263,989,437,1280,960,0
im005 (2).jpg,human,636,0,769,67,1280,960,0
im005 (3).jpg,obstacle,109,27,360,223,1280,960,0
im005 (3).jpg,obstacle,611,2,797,96,1280,960,0
im005 (3).jpg,obstacle,885,155,1132,412,1280,960,0
im005 (3).jpg,obstacle,426,486,569,613,1280,960,0
im005.jpg,car,442,347,787,494,1280,960,0
im005.jpg,car,922,259,1096,612,1280,960,0
im006 (2).jpg,human,736,163,893,351,1280,960,0
im006 (2).jpg,human,989,49,1077,216,1280,960,0
im006 (2).jpg,human,985,370,1108,509,1280,960,0
im006.jpg,car,493,159,844,349,1280,960,0
im006.jpg,car,973,178,1116,493,1280,960,0
im006.jpg,car,438,466,785,631,1280,960,0
im007 (2).jpg,human,740,362,895,570,1280,960,0
im007 (2).jpg,human,981,247,1079,386,1280,960,0
im007 (2).jpg,human,973,582,1118,723,1280,960,0
im007.jpg,car,456,182,783,354,1280,960,0
im007.jpg,car,948,239,1099,584,1280,960,0
im007.jpg,car,448,484,765,647,1280,960,0
im008 (2).jpg,human,644,362,750,550,1280,960,0
im008 (2).jpg,human,834,180,944,356,1280,960,0
im008 (2).jpg,human,897,562,1042,699,1280,960,0
im008.jpg,car,334,439,659,625,1280,960,0
im008.jpg,car,830,212,995,559,1280,960,0
im008.jpg,car,330,155,671,318,1280,960,0
im009 (2).jpg,human,707,243,842,447,1280,960,0
im009 (2).jpg,human,863,43,965,215,1280,960,0
im009 (2).jpg,human,959,513,1124,654,1280,960,0
im009.jpg,car,334,6,655,147,1280,960,0
im009.jpg,car,667,170,967,325,1280,960,0
im010 (2).jpg,human,560,523,683,727,1280,960,0
im010 (2).jpg,human,979,359,1100,498,1280,960,0
im010 (2).jpg,human,948,699,1138,844,1280,960,0
im010.jpg,car,861,337,1043,682,1280,960,0
im010.jpg,car,903,2,1060,294,1280,960,0
im011 (2).jpg,human,515,149,601,325,1280,960,0
im011 (2).jpg,human,658,0,764,59,1280,960,0
im011 (2).jpg,human,656,362,740,566,1280,960,0
im011.jpg,car,879,337,1053,703,1280,960,0
im011.jpg,car,1106,90,1267,382,1280,960,0
im012 (2).jpg,human,579,327,673,482,1280,960,0
im012 (2).jpg,human,711,14,821,179,1280,960,0
im012 (2).jpg,human,734,513,836,730,1280,960,0
im012.jpg,car,552,345,713,713,1280,960,0
im012.jpg,car,791,82,954,399,1280,960,0
im013 (2).jpg,human,362,190,485,407,1280,960,0
im013 (2).jpg,human,577,315,673,480,1280,960,0
im013 (2).jpg,human,227,541,370,674,1280,960,0
im013.jpg,car,544,6,695,333,1280,960,0
im013.jpg,car,754,382,907,741,1280,960,0
im014 (2).jpg,human,660,568,791,693,1280,960,0
im014 (2).jpg,human,464,0,599,125,1280,960,0
im014 (2).jpg,human,256,139,374,337,1280,960,0
im014.jpg,car,460,129,611,446,1280,960,0
im014.jpg,car,654,421,815,768,1280,960,0
im015 (2).jpg,human,413,76,540,264,1280,960,0
im015 (2).jpg,human,679,135,773,305,1280,960,0
im015 (2).jpg,human,203,0,324,145,1280,960,0
im015.jpg,car,481,202,620,531,1280,960,0
im015.jpg,car,671,102,822,406,1280,960,0
im016 (2).jpg,human,481,325,608,519,1280,960,0
im016 (2).jpg,human,740,268,832,409,1280,960,0
im016 (2).jpg,human,879,609,1024,756,1280,960,0
im016.jpg,car,477,86,618,396,1280,960,0
im016.jpg,car,683,241,846,558,1280,960,0
im017 (2).jpg,human,517,233,631,439,1280,960,0
im017 (2).jpg,human,801,280,909,380,1280,960,0
im017 (2).jpg,human,763,647,896,763,1280,960,0
im017.jpg,car,325,104,635,267,1280,960,0
im017.jpg,car,662,141,983,300,1280,960,0
im018 (2).jpg,human,354,470,472,662,1280,960,0
im018 (2).jpg,human,468,184,591,296,1280,960,0
im018 (2).jpg,human,854,123,993,282,1280,960,0
im018.jpg,car,327,102,660,253,1280,960,0
im018.jpg,car,744,141,1050,294,1280,960,0
im019 (2).jpg,human,356,43,477,168,1280,960,0
im019 (2).jpg,human,771,0,853,157,1280,960,0
im019 (2).jpg,human,699,415,869,566,1280,960,0
im019.jpg,car,340,106,646,265,1280,960,0
im019.jpg,car,738,145,1065,286,1280,960,0
im020.jpg,car,601,2,750,268,1280,960,0
im020.jpg,car,869,137,1045,433,1280,960,0
im021.jpg,car,618,165,747,494,1280,960,0
im021.jpg,car,854,251,1019,574,1280,960,0
im022.jpg,car,368,43,699,204,1280,960,0
im022.jpg,car,824,588,1006,954,1280,960,0
im023.jpg,car,603,317,758,666,1280,960,0
im023.jpg,car,999,67,1280,216,1280,960,0
im024.jpg,car,448,33,754,180,1280,960,0
im024.jpg,car,830,556,1028,905,1280,960,0
im025.jpg,car,497,376,648,738,1280,960,0
im025.jpg,car,1075,400,1263,737,1280,960,0
im026.jpg,car,546,165,897,312,1280,960,0
im026.jpg,car,999,137,1179,447,1280,960,0
im027.jpg,car,493,398,679,729,1280,960,0
im027.jpg,car,203,2,509,231,1280,960,0
im028.jpg,car,836,300,1010,617,1280,960,0
im028.jpg,car,440,131,777,323,1280,960,0
im029.jpg,car,317,345,578,625,1280,960,0
im029.jpg,car,695,313,1018,452,1280,960,0
im029.jpg,car,1028,398,1280,655,1280,960,0
im030.jpg,car,577,453,859,784,1280,960,0
im030.jpg,car,695,268,1014,534,1280,960,0
im031.jpg,car,714,488,1051,680,1280,960,0
im031.jpg,car,930,310,1271,508,1280,960,0
im031.jpg,car,172,194,501,349,1280,960,0
im032.jpg,car,507,415,826,664,1280,960,0
im032.jpg,car,942,441,1280,606,1280,960,0
im033.jpg,car,215,310,540,461,1280,960,0
im033.jpg,car,805,357,1136,582,1280,960,0
im033.jpg,car,585,502,957,737,1280,960,0
im034.jpg,car,779,315,1094,574,1280,960,0
im034.jpg,car,350,0,683,145,1280,960,0
im035.jpg,car,35,223,366,358,1280,960,0
im035.jpg,car,127,0,440,104,1280,960,0
im035.jpg,car,489,0,675,135,1280,960,0
im036.jpg,car,142,0,446,145,1280,960,0
im036.jpg,car,138,327,481,486,1280,960,0
im036.jpg,car,607,447,854,776,1280,960,0
images (2).jpg,obstacle,7,8,52,98,259,194,0
images (2).jpg,obstacle,61,19,186,153,259,194,0
images (2).jpg,obstacle,209,92,256,174,259,194,0
images.jpg,human,52,14,78,66,225,225,0
images.jpg,human,81,7,104,67,225,225,0
images.jpg,human,109,11,130,66,225,225,0
images.jpg,human,139,9,163,70,225,225,0
images.jpg,human,169,11,198,69,225,225,0
images.jpg,human,180,80,201,122,225,225,0
images.jpg,human,143,85,167,132,225,225,0
images.jpg,human,113,74,130,130,225,225,0
images.jpg,human,79,71,105,125,225,225,0
images.jpg,human,42,72,66,122,225,225,0
images.jpg,human,33,137,55,187,225,225,0
images.jpg,human,68,139,99,202,225,225,0
images.jpg,human,111,139,131,211,225,225,0
images.jpg,human,148,137,175,204,225,225,0
images.jpg,human,181,136,204,195,225,225,0
img-0749_0.jpg,car,419,483,812,820,900,1200,0
istockphoto-534533437-1024x1024.jpg,sign,440,151,600,566,1024,683,0
istockphoto-534533437-1024x1024.jpg,sign,859,129,965,487,1024,683,0
istockphoto-534533437-1024x1024.jpg,sign,89,144,220,484,1024,683,0
istockphoto-534533437-1024x1024.jpg,sign,224,85,346,408,1024,683,0
istockphoto-534533437-1024x1024.jpg,sign,421,70,521,197,1024,683,0
istockphoto-534533437-1024x1024.jpg,sign,668,98,769,420,1024,683,0
istockphoto-1080318604-1024x1024.jpg,sign,106,231,245,619,1024,682,0
istockphoto-1080318604-1024x1024.jpg,sign,221,256,322,576,1024,682,0
istockphoto-1080318604-1024x1024.jpg,sign,350,252,472,613,1024,682,0
istockphoto-1080318604-1024x1024.jpg,sign,485,234,618,622,1024,682,0
istockphoto-1080318604-1024x1024.jpg,sign,627,225,727,589,1024,682,0
istockphoto-1080318604-1024x1024.jpg,sign,739,243,861,571,1024,682,0
istockphoto-1080318678-1024x1024.jpg,sign,276,375,387,671,682,1024,0
istockphoto-1080318678-1024x1024.jpg,sign,36,336,117,608,682,1024,0
istockphoto-1080318678-1024x1024.jpg,sign,110,285,202,527,682,1024,0
istockphoto-1080318678-1024x1024.jpg,sign,269,261,337,422,682,1024,0
istockphoto-1080318678-1024x1024.jpg,sign,415,283,513,527,682,1024,0
istockphoto-1080318678-1024x1024.jpg,sign,568,351,649,593,682,1024,0
JK8.jpg,car,93,249,247,306,900,916,0
JK8.jpg,car,253,257,374,306,900,916,0
JK8.jpg,car,620,253,743,292,900,916,0
JK8.jpg,car,370,355,501,410,900,916,0
JK8.jpg,car,52,477,216,545,900,916,0
JK8.jpg,car,337,483,489,534,900,916,0
JK8.jpg,car,195,612,363,672,900,916,0
JK8.jpg,car,358,612,520,682,900,916,0
JK8.jpg,car,512,594,687,674,900,916,0
JK8.jpg,car,674,596,820,660,900,916,0
JK8.jpg,car,17,787,192,873,900,916,0
JK8.jpg,car,193,766,361,863,900,916,0
JK8.jpg,car,366,752,545,847,900,916,0
kinder-surprise-and-other-small-toys-FT9TB8.jpg,human,584,869,744,1123,866,1390,0
kinder-surprise-and-other-small-toys-FT9TB8.jpg,human,37,645,173,896,866,1390,0
kinder-surprise-and-other-small-toys-FT9TB8.jpg,human,297,231,406,468,866,1390,0
kinder-surprise-and-other-small-toys-FT9TB8.jpg,human,578,648,690,879,866,1390,0
kinder-surprise-and-other-small-toys-FT9TB8.jpg,human,205,186,288,375,866,1390,0
kinder-surprise-and-other-small-toys-FT9TB8.jpg,human,460,148,543,325,866,1390,0
kinder-surprise-and-other-small-toys-FT9TB8.jpg,human,676,189,753,328,866,1390,0
kinder-surprise-and-other-small-toys-FT9TB8.jpg,human,726,98,797,237,866,1390,0
large-collection-of-small-toys-and-toys-of-the-kinder-surprise-FT2TKM.jpg,human,864,480,982,663,1300,956,0
large-collection-of-small-toys-and-toys-of-the-kinder-surprise-FT2TKM.jpg,human,363,366,463,531,1300,956,0
large-collection-of-small-toys-and-toys-of-the-kinder-surprise-FT2TKM.jpg,human,13,307,88,433,1300,956,0
large-collection-of-small-toys-and-toys-of-the-kinder-surprise-FT2TKM.jpg,human,200,146,265,264,1300,956,0
large-collection-of-small-toys-and-toys-of-the-kinder-surprise-FT2TKM.jpg,human,532,130,615,307,1300,956,0
large-collection-of-small-toys-and-toys-of-the-kinder-surprise-FT2TKM.jpg,human,1171,51,1252,169,1300,956,0
large-collection-of-small-toys-and-toys-of-the-kinder-surprise-FT2TKM.jpg,human,1207,271,1296,426,1300,956,0
large-collection-of-small-toys-and-toys-of-the-kinder-surprise-FT2TKM.jpg,human,1199,454,1295,619,1300,956,0
large-collection-of-small-toys-and-toys-of-the-kinder-surprise-FT2TKM.jpg,human,933,295,1016,441,1300,956,0
large-collection-of-small-toys-and-toys-of-the-kinder-surprise-FT2TKM.jpg,human,774,49,841,202,1300,956,0
large-collection-of-small-toys-and-toys-of-the-kinder-surprise-FT2TKM.jpg,human,697,464,774,598,1300,956,0
letoltes.jpg,car,122,36,164,115,299,168,0
letoltes.jpg,car,25,9,111,65,299,168,0
letoltes.jpg,car,3,71,106,134,299,168,0
letoltes.jpg,car,179,12,257,69,299,168,0
letoltes.jpg,car,189,57,286,122,299,168,0
main-qimg-2ec5d39b01906f1092241012ad2d0f04.jpg,car,278,66,326,94,602,339,0
main-qimg-2ec5d39b01906f1092241012ad2d0f04.jpg,car,321,90,374,113,602,339,0
main-qimg-2ec5d39b01906f1092241012ad2d0f04.jpg,car,141,2,185,21,602,339,0
main-qimg-2ec5d39b01906f1092241012ad2d0f04.jpg,car,176,17,214,37,602,339,0
main-qimg-2ec5d39b01906f1092241012ad2d0f04.jpg,car,210,35,255,61,602,339,0
main-qimg-2ec5d39b01906f1092241012ad2d0f04.jpg,car,253,52,287,77,602,339,0
main-qimg-2ec5d39b01906f1092241012ad2d0f04.jpg,car,104,6,140,28,602,339,0
main-qimg-2ec5d39b01906f1092241012ad2d0f04.jpg,car,63,16,105,36,602,339,0
main-qimg-2ec5d39b01906f1092241012ad2d0f04.jpg,car,23,22,66,42,602,339,0
main-qimg-2ec5d39b01906f1092241012ad2d0f04.jpg,car,93,35,137,56,602,339,0
main-qimg-2ec5d39b01906f1092241012ad2d0f04.jpg,car,135,26,172,44,602,339,0
main-qimg-2ec5d39b01906f1092241012ad2d0f04.jpg,car,17,52,55,72,602,339,0
main-qimg-2ec5d39b01906f1092241012ad2d0f04.jpg,car,109,80,151,110,602,339,0
main-qimg-2ec5d39b01906f1092241012ad2d0f04.jpg,car,137,56,180,79,602,339,0
main-qimg-2ec5d39b01906f1092241012ad2d0f04.jpg,car,168,75,204,108,602,339,0
main-qimg-2ec5d39b01906f1092241012ad2d0f04.jpg,car,211,64,253,92,602,339,0
main-qimg-2ec5d39b01906f1092241012ad2d0f04.jpg,car,249,87,283,108,602,339,0
main-qimg-2ec5d39b01906f1092241012ad2d0f04.jpg,car,275,98,324,129,602,339,0
main-qimg-2ec5d39b01906f1092241012ad2d0f04.jpg,car,324,115,376,156,602,339,0
main-qimg-2ec5d39b01906f1092241012ad2d0f04.jpg,car,286,137,336,168,602,339,0
main-qimg-2ec5d39b01906f1092241012ad2d0f04.jpg,car,233,123,292,146,602,339,0
main-qimg-2ec5d39b01906f1092241012ad2d0f04.jpg,car,203,100,244,125,602,339,0
main-qimg-2ec5d39b01906f1092241012ad2d0f04.jpg,car,65,93,118,122,602,339,0
main-qimg-2ec5d39b01906f1092241012ad2d0f04.jpg,car,27,103,76,133,602,339,0
main-qimg-2ec5d39b01906f1092241012ad2d0f04.jpg,car,2,79,44,106,602,339,0
main-qimg-2ec5d39b01906f1092241012ad2d0f04.jpg,car,7,146,58,186,602,339,0
main-qimg-2ec5d39b01906f1092241012ad2d0f04.jpg,car,49,193,107,233,602,339,0
main-qimg-2ec5d39b01906f1092241012ad2d0f04.jpg,car,110,181,164,217,602,339,0
main-qimg-2ec5d39b01906f1092241012ad2d0f04.jpg,car,174,172,224,200,602,339,0
main-qimg-2ec5d39b01906f1092241012ad2d0f04.jpg,car,225,158,282,186,602,339,0
main-qimg-2ec5d39b01906f1092241012ad2d0f04.jpg,car,180,130,232,155,602,339,0
main-qimg-2ec5d39b01906f1092241012ad2d0f04.jpg,car,143,102,192,133,602,339,0
main-qimg-2ec5d39b01906f1092241012ad2d0f04.jpg,car,135,142,193,172,602,339,0
main-qimg-2ec5d39b01906f1092241012ad2d0f04.jpg,car,70,141,133,170,602,339,0
main-qimg-2ec5d39b01906f1092241012ad2d0f04.jpg,car,103,118,149,145,602,339,0
matchbox-cars-on-treadmill.jpg,car,159,169,243,198,640,415,0
matchbox-cars-on-treadmill.jpg,car,320,172,399,197,640,415,0
matchbox-cars-on-treadmill.jpg,car,499,207,599,243,640,415,0
matchbox-cars-on-treadmill.jpg,car,192,209,276,241,640,415,0
matchbox-die-cast-cars-collection.jpg,car,91,211,237,270,1000,610,0
matchbox-die-cast-cars-collection.jpg,car,255,234,389,308,1000,610,0
matchbox-die-cast-cars-collection.jpg,car,457,178,585,234,1000,610,0
matchbox-die-cast-cars-collection.jpg,car,322,90,455,158,1000,610,0
matchbox-die-cast-cars-collection.jpg,car,224,94,299,193,1000,610,0
matchbox-die-cast-cars-collection.jpg,car,736,146,795,251,1000,610,0
matchbox-die-cast-cars-collection.jpg,car,599,212,717,278,1000,610,0
matchbox-die-cast-cars-collection.jpg,car,404,243,557,296,1000,610,0
matchbox-die-cast-cars-collection.jpg,car,291,311,433,385,1000,610,0
matchbox-die-cast-cars-collection.jpg,car,147,292,255,398,1000,610,0
matchbox-die-cast-cars-collection.jpg,car,22,261,158,348,1000,610,0
matchbox-die-cast-cars-collection.jpg,car,295,405,460,499,1000,610,0
matchbox-die-cast-cars-collection.jpg,car,692,333,828,414,1000,610,0
matchbox-die-cast-cars-collection.jpg,car,586,289,747,354,1000,610,0
matchbox-die-cast-cars-collection.jpg,car,714,424,869,512,1000,610,0
maxresdefault (1).jpg,car,28,519,270,655,1280,720,0
maxresdefault (1).jpg,car,374,505,659,641,1280,720,0
maxresdefault (1).jpg,car,687,515,961,655,1280,720,0
maxresdefault (1).jpg,car,159,79,333,155,1280,720,0
maxresdefault (1).jpg,car,351,84,515,141,1280,720,0
maxresdefault (1).jpg,car,542,88,693,139,1280,720,0
maxresdefault (1).jpg,car,17,77,123,139,1280,720,0
maxresdefault (1).jpg,car,149,22,321,60,1280,720,0
maxresdefault (1).jpg,car,344,20,501,54,1280,720,0
maxresdefault (1).jpg,car,529,22,703,45,1280,720,0
maxresdefault (1).jpg,car,746,22,912,54,1280,720,0
maxresdefault (1).jpg,car,749,81,908,140,1280,720,0
maxresdefault (1).jpg,car,927,88,1076,141,1280,720,0
maxresdefault (1).jpg,car,1099,94,1244,141,1280,720,0
maxresdefault (1).jpg,car,923,16,1104,48,1280,720,0
maxresdefault (1).jpg,car,1106,18,1255,46,1280,720,0
maxresdefault (1).jpg,car,17,18,117,52,1280,720,0
maxresdefault (1).jpg,car,21,175,138,230,1280,720,0
maxresdefault (1).jpg,car,19,262,147,311,1280,720,0
maxresdefault (1).jpg,car,1086,166,1243,223,1280,720,0
maxresdefault (1).jpg,car,1099,251,1214,306,1280,720,0
maxresdefault.jpg,car,454,124,496,162,1280,720,0
maxresdefault.jpg,car,499,127,553,170,1280,720,0
maxresdefault.jpg,car,545,126,596,176,1280,720,0
maxresdefault.jpg,car,368,157,412,201,1280,720,0
maxresdefault.jpg,car,702,141,743,189,1280,720,0
maxresdefault.jpg,car,797,146,836,201,1280,720,0
maxresdefault.jpg,car,845,155,877,203,1280,720,0
maxresdefault.jpg,car,754,149,787,191,1280,720,0
maxresdefault.jpg,car,714,190,790,225,1280,720,0
maxresdefault.jpg,car,647,181,716,208,1280,720,0
maxresdefault.jpg,car,535,179,598,220,1280,720,0
maxresdefault.jpg,car,591,189,662,218,1280,720,0
maxresdefault.jpg,car,632,226,721,259,1280,720,0
maxresdefault.jpg,car,777,224,871,253,1280,720,0
maxresdefault.jpg,car,770,242,858,287,1280,720,0
maxresdefault.jpg,car,869,274,960,321,1280,720,0
maxresdefault.jpg,car,883,226,989,261,1280,720,0
maxresdefault.jpg,car,847,309,965,374,1280,720,0
maxresdefault.jpg,car,783,281,819,345,1280,720,0
maxresdefault.jpg,car,673,250,729,320,1280,720,0
maxresdefault.jpg,car,620,249,676,313,1280,720,0
maxresdefault.jpg,car,573,246,623,307,1280,720,0
maxresdefault.jpg,car,462,235,522,285,1280,720,0
maxresdefault.jpg,car,370,210,423,265,1280,720,0
maxresdefault.jpg,car,572,357,622,418,1280,720,0
maxresdefault.jpg,car,692,390,747,460,1280,720,0
maxresdefault.jpg,car,777,477,880,526,1280,720,0
maxresdefault.jpg,car,658,494,764,539,1280,720,0
maxresdefault.jpg,car,555,471,642,516,1280,720,0
maxresdefault.jpg,car,456,454,539,502,1280,720,0
maxresdefault.jpg,car,520,514,619,564,1280,720,0
maxresdefault.jpg,car,375,433,455,480,1280,720,0
maxresdefault.jpg,car,289,427,378,465,1280,720,0
maxresdefault.jpg,car,765,514,873,568,1280,720,0
maxresdefault.jpg,car,636,538,749,596,1280,720,0
maxresdefault.jpg,car,897,505,1007,566,1280,720,0
maxresdefault.jpg,car,1021,370,1060,441,1280,720,0
maxresdefault.jpg,car,1078,380,1120,454,1280,720,0
maxresdefault.jpg,car,964,364,1008,435,1280,720,0
maxresdefault.jpg,car,950,434,1001,504,1280,720,0
maxresdefault.jpg,car,1006,440,1061,520,1280,720,0
maxresdefault.jpg,car,1094,322,1132,380,1280,720,0
maxresdefault.jpg,car,240,457,330,505,1280,720,0
maxresdefault.jpg,car,163,445,249,484,1280,720,0
maxresdefault.jpg,car,206,310,267,368,1280,720,0
maxresdefault.jpg,car,69,360,158,411,1280,720,0
maxresdefault.jpg,car,82,401,135,449,1280,720,0
maxresdefault.jpg,car,103,417,180,474,1280,720,0
maxresdefault.jpg,car,880,588,1005,655,1280,720,0
maxresdefault.jpg,car,1141,339,1177,399,1280,720,0
maxresdefault.jpg,car,1121,284,1160,329,1280,720,0
maxresdefault.jpg,car,1136,470,1187,554,1280,720,0
maxresdefault.jpg,car,1026,511,1162,568,1280,720,0
maxresdefault.jpg,car,1025,542,1147,602,1280,720,0
maxresdefault.jpg,car,1018,595,1135,640,1280,720,0
maxresdefault.jpg,car,1035,640,1172,697,1280,720,0
maxresdefault1.jpg,car,72,247,578,432,1280,720,0
maxresdefault1.jpg,car,691,279,1254,523,1280,720,0
maxresdefault1.jpg,car,162,369,874,658,1280,720,0
maxresdefault1.jpg,car,814,118,1244,346,1280,720,0
miniature-figures-human-costumes-27199390.jpg,human,46,321,125,541,1300,949,0
miniature-figures-human-costumes-27199390.jpg,human,73,404,156,584,1300,949,0
miniature-figures-human-costumes-27199390.jpg,human,236,133,339,343,1300,949,0
miniature-figures-human-costumes-27199390.jpg,human,359,275,440,479,1300,949,0
miniature-figures-human-costumes-27199390.jpg,human,432,153,517,337,1300,949,0
miniature-figures-human-costumes-27199390.jpg,human,581,184,662,386,1300,949,0
miniature-figures-human-costumes-27199390.jpg,human,678,153,769,339,1300,949,0
miniature-figures-human-costumes-27199390.jpg,human,814,145,927,355,1300,949,0
miniature-figures-human-costumes-27199390.jpg,human,1060,196,1147,418,1300,949,0
miniature-figures-human-costumes-27199390.jpg,human,1171,277,1242,455,1300,949,0
miniature-figures-human-costumes-27199390.jpg,human,1173,402,1264,600,1300,949,0
miniature-figures-human-costumes-27199390.jpg,human,1052,541,1153,757,1300,949,0
miniature-figures-human-costumes-27199390.jpg,human,917,378,998,566,1300,949,0
miniature-figures-human-costumes-27199390.jpg,human,486,382,563,618,1300,949,0
miniature-figures-human-costumes-27199390.jpg,human,707,359,794,541,1300,949,0
miniature-figures-human-costumes-27199390.jpg,human,616,507,701,749,1300,949,0
neu0828.jpg,human,169,29,281,264,800,600,1
neu0828.jpg,human,303,26,400,283,800,600,1
neu0828.jpg,human,478,38,597,275,800,600,1
neu0828.jpg,human,165,291,279,562,800,600,1
neu0828.jpg,human,331,295,452,550,800,600,1
neu0828.jpg,human,583,236,665,457,800,600,1
new-wooden-baby-toys-traffic-sign-baby-educatinal.jpg,sign,243,197,336,419,800,600,0
new-wooden-baby-toys-traffic-sign-baby-educatinal.jpg,sign,174,24,242,199,800,600,0
new-wooden-baby-toys-traffic-sign-baby-educatinal.jpg,sign,59,64,145,137,800,600,0
new-wooden-baby-toys-traffic-sign-baby-educatinal.jpg,sign,276,23,318,102,800,600,0
new-wooden-baby-toys-traffic-sign-baby-educatinal.jpg,sign,262,101,330,201,800,600,0
new-wooden-baby-toys-traffic-sign-baby-educatinal.jpg,sign,358,41,404,210,800,600,0
new-wooden-baby-toys-traffic-sign-baby-educatinal.jpg,sign,474,41,501,231,800,600,0
new-wooden-baby-toys-traffic-sign-baby-educatinal.jpg,sign,535,61,610,157,800,600,0
new-wooden-baby-toys-traffic-sign-baby-educatinal.jpg,sign,655,91,709,265,800,600,0
new-wooden-baby-toys-traffic-sign-baby-educatinal.jpg,sign,626,189,747,374,800,600,0
new-wooden-baby-toys-traffic-sign-baby-educatinal.jpg,sign,474,246,547,480,800,600,0
OGRmOWFlNGFlNzc0ODc0ZThkM2NlMTQ0Y2ZiM2Q5MDX9v2d_BK45W7rME5fK3qFuaHR0cDovL21lZGlhLmFkc2ltZy5jb20vMzVmMmRkMjFhNDIxOTJkODRkODE0NGQ4NWU4NGUyMmYxNTI2OTk3ZGNkNGJiNTE1NTlmMDhlMGM1ZmMyNmMyOC.jpg,human,26,130,158,344,700,525,1
OGRmOWFlNGFlNzc0ODc0ZThkM2NlMTQ0Y2ZiM2Q5MDX9v2d_BK45W7rME5fK3qFuaHR0cDovL21lZGlhLmFkc2ltZy5jb20vMzVmMmRkMjFhNDIxOTJkODRkODE0NGQ4NWU4NGUyMmYxNTI2OTk3ZGNkNGJiNTE1NTlmMDhlMGM1ZmMyNmMyOC.jpg,human,272,27,346,234,700,525,1
OGRmOWFlNGFlNzc0ODc0ZThkM2NlMTQ0Y2ZiM2Q5MDX9v2d_BK45W7rME5fK3qFuaHR0cDovL21lZGlhLmFkc2ltZy5jb20vMzVmMmRkMjFhNDIxOTJkODRkODE0NGQ4NWU4NGUyMmYxNTI2OTk3ZGNkNGJiNTE1NTlmMDhlMGM1ZmMyNmMyOC.jpg,human,448,28,512,239,700,525,1
oscarplaymat1.jpg,car,205,195,254,221,500,333,0
oscarplaymat1.jpg,car,142,197,200,223,500,333,0
oscarplaymat1.jpg,car,123,116,182,145,500,333,0
oscarplaymat1.jpg,car,359,231,388,273,500,333,0
Outdoor-Car-Play-and-Learning-Cars-and-Colors.jpg,car,38,366,304,490,650,900,0
Outdoor-Car-Play-and-Learning-Cars-and-Colors.jpg,car,369,331,557,490,650,900,0
Outdoor-Car-Play-and-Learning-Cars-and-Colors.jpg,car,40,484,279,612,650,900,0
Outdoor-Car-Play-and-Learning-Cars-and-Colors.jpg,car,158,10,304,62,650,900,0
Outdoor-Car-Play-and-Learning-Cars-and-Colors.jpg,car,319,11,394,57,650,900,0
Outdoor-Car-Play-and-Learning-Cars-and-Colors.jpg,car,430,151,623,224,650,900,0
Outdoor-Car-Play-and-Learning-Cars-and-Colors.jpg,car,285,174,499,256,650,900,0
p1680466.jpg,car,43,11,94,91,474,266,0
p1680466.jpg,car,113,18,158,103,474,266,0
p1680466.jpg,car,184,18,225,98,474,266,0
p1680466.jpg,car,259,25,300,103,474,266,0
p1680466.jpg,car,313,20,363,98,474,266,0
p1680466.jpg,car,375,27,435,106,474,266,0
p1680466.jpg,car,404,135,465,234,474,266,0
p1680466.jpg,car,333,127,392,232,474,266,0
p1680466.jpg,car,258,132,310,233,474,266,0
p1680466.jpg,car,174,133,223,240,474,266,0
p1680466.jpg,car,104,131,149,239,474,266,0
p1680466.jpg,car,23,126,80,230,474,266,0
set-different-signs-road-repairs-260nw-1104339455.jpg,obstacle,29,17,48,68,260,280,0
set-different-signs-road-repairs-260nw-1104339455.jpg,obstacle,107,17,141,64,260,280,0
set-different-signs-road-repairs-260nw-1104339455.jpg,obstacle,106,98,149,155,260,280,0
set-different-signs-road-repairs-260nw-1104339455.jpg,obstacle,188,101,233,148,260,280,0
set-different-signs-road-repairs-260nw-1104339455.jpg,obstacle,182,189,223,240,260,280,0
s-l225.jpg,car,41,30,110,68,225,169,0
s-l225.jpg,car,123,12,205,69,225,169,0
s-l225.jpg,car,4,86,96,133,225,169,0
s-l300 (1).jpg,human,48,37,84,113,300,225,1
s-l300 (1).jpg,human,94,42,135,107,300,225,1
s-l300 (1).jpg,human,143,45,184,115,300,225,1
s-l300 (1).jpg,human,197,41,240,114,300,225,1
s-l300 (1).jpg,human,252,44,296,116,300,225,1
s-l300 (1).jpg,human,243,122,277,191,300,225,1
s-l300 (1).jpg,human,202,121,235,182,300,225,1
s-l300 (1).jpg,human,150,122,185,177,300,225,1
s-l300 (1).jpg,human,94,118,135,182,300,225,1
s-l300 (1).jpg,human,42,119,76,181,300,225,1
s-l300.jpg,car,41,10,62,44,225,300,1
s-l300.jpg,car,70,13,90,45,225,300,1
s-l300.jpg,car,98,12,117,50,225,300,1
s-l300.jpg,car,149,17,171,50,225,300,1
s-l300.jpg,car,35,45,57,83,225,300,1
s-l300.jpg,car,68,45,88,79,225,300,1
s-l300.jpg,car,95,49,115,89,225,300,1
s-l300.jpg,car,151,48,173,87,225,300,1
s-l300.jpg,car,23,84,47,132,225,300,1
s-l300.jpg,car,58,80,80,129,225,300,1
s-l300.jpg,car,90,87,115,130,225,300,1
s-l300.jpg,car,123,93,145,134,225,300,1
s-l300.jpg,car,154,89,178,136,225,300,1
s-l300.jpg,car,182,93,209,138,225,300,1
s-l300.jpg,car,188,144,219,198,225,300,1
s-l300.jpg,car,104,140,127,196,225,300,1
s-l300.jpg,car,70,135,94,192,225,300,1
s-l300.jpg,car,42,138,64,190,225,300,1
s-l300.jpg,car,1,133,35,199,225,300,1
s-l300.jpg,car,136,142,163,197,225,300,1
s-l300.jpg,car,123,46,143,89,225,300,1
s-l400.jpg,human,20,56,91,156,400,363,1
s-l400.jpg,human,330,18,379,152,400,363,1
s-l400.jpg,human,273,198,339,324,400,363,1
s-l400.jpg,human,55,209,131,315,400,363,1
undertale-human.jpg,human,54,56,207,322,940,450,1
undertale-human.jpg,human,266,70,425,326,940,450,1
undertale-human.jpg,human,510,70,664,331,940,450,1
undertale-human.jpg,human,729,70,897,320,940,450,1
warsaw-poland-november-17-2018-260nw-1237379149.jpg,car,128,68,219,165,390,280,1
warsaw-poland-november-17-2018-260nw-1237379149.jpg,car,212,0,315,47,390,280,1
warsaw-poland-november-17-2018-260nw-1237379149.jpg,car,248,24,342,89,390,280,1
warsaw-poland-november-17-2018-260nw-1237379149.jpg,car,153,22,243,116,390,280,1
warsaw-poland-november-17-2018-260nw-1237379149.jpg,car,256,95,362,152,390,280,1
warsaw-poland-november-17-2018-260nw-1237379149.jpg,car,317,36,390,102,390,280,1
warsaw-poland-november-17-2018-260nw-1237379149.jpg,car,227,121,303,201,390,280,1
warsaw-poland-november-17-2018-260nw-1237379149.jpg,car,169,214,272,258,390,280,1
warsaw-poland-november-17-2018-260nw-1237379149.jpg,car,72,222,161,264,390,280,1
warsaw-poland-november-17-2018-260nw-1237379149.jpg,car,90,151,177,205,390,280,1
warsaw-poland-november-17-2018-260nw-1237379149.jpg,car,54,80,97,175,390,280,1
warsaw-poland-november-17-2018-260nw-1237379149.jpg,car,12,23,53,121,390,280,1
warsaw-poland-november-17-2018-260nw-1237379149.jpg,car,22,0,124,40,390,280,1
warsaw-poland-november-17-2018-260nw-1237379149.jpg,car,1,123,52,166,390,280,1
warsaw-poland-november-17-2018-260nw-1237379149.jpg,car,40,185,89,258,390,280,1
warsaw-poland-november-17-2018-260nw-1237379149.jpg,car,1,171,42,243,390,280,1
warsaw-poland-november-17-2018-260nw-1237379149.jpg,car,309,145,390,235,390,280,1
warsaw-poland-november-17-2018-260nw-1237379149.jpg,car,350,187,390,259,390,280,1
WM380.jpg,sign,42,146,115,345,1181,490,1
WM380.jpg,sign,139,90,193,250,1181,490,1
WM380.jpg,sign,233,86,296,255,1181,490,1
WM380.jpg,sign,321,73,382,251,1181,490,1
WM380.jpg,sign,418,95,482,264,1181,490,1
WM380.jpg,sign,159,219,223,397,1181,490,1
WM380.jpg,sign,267,243,331,421,1181,490,1
WM380.jpg,sign,376,228,439,399,1181,490,1
WM380.jpg,obstacle,913,254,986,339,1181,490,1
WM380.jpg,obstacle,984,285,1041,365,1181,490,1
WM380.jpg,obstacle,1042,252,1106,329,1181,490,1
WM380.jpg,obstacle,1101,311,1162,386,1181,490,1
WM380.jpg,obstacle,928,344,998,424,1181,490,1
WM380.jpg,obstacle,1043,337,1102,426,1181,490,1
WM397.jpg,sign,39,32,134,318,1135,512,1
WM397.jpg,sign,218,10,285,311,1135,512,1
WM397.jpg,sign,336,28,430,314,1135,512,1
WM397.jpg,sign,526,37,616,305,1135,512,1
WM397.jpg,sign,665,22,739,310,1135,512,1
WM397.jpg,sign,799,42,881,310,1135,512,1
WM397.jpg,sign,932,27,1027,322,1135,512,1
WM397.jpg,sign,131,149,208,455,1135,512,1
WM397.jpg,sign,266,151,358,449,1135,512,1
WM397.jpg,sign,437,151,524,462,1135,512,1
WM397.jpg,sign,586,174,678,460,1135,512,1
WM397.jpg,sign,716,162,810,465,1135,512,1
WM397.jpg,sign,857,179,949,462,1135,512,1
WM397.jpg,sign,1011,166,1103,469,1135,512,1
X7111_01.jpg,car,20,101,87,135,300,300,1
X7111_01.jpg,car,61,160,124,194,300,300,1
X7111_01.jpg,car,216,101,279,139,300,300,1
X7111_01.jpg,car,181,161,241,197,300,300,1
